1980,1,29235,1980.041,-99.99,-99.99,-99.99,-99.99,-99.99,-99.99
1980,2,29266,1980.1257,-99.99,-99.99,-99.99,-99.99,-99.99,-99.99
1980,3,29295,1980.2049,-99.99,-99.99,-99.99,-99.99,-99.99,-99.99
1980,4,29326,1980.2896,-0.15,-0.21,0.14,0.08,-0.15,-0.21
1980,5,29356,1980.3716,0.07,-0.01,0.18,0.1,0.07,-0.01
1980,6,29387,1980.4563,-99.99,-99.99,0.25,0.11,0.25,0.11
1980,7,29417,1980.5383,0.35,0.19,0.28,0.13,0.35,0.19
1980,8,29448,1980.623,0.41,0.32,0.23,0.14,0.41,0.32
1980,9,29479,1980.7077,0.2,0.27,0.09,0.15,0.2,0.27
1980,10,29509,1980.7896,0.18,0.37,-0.03,0.17,0.18,0.37
1980,11,29540,1980.8743,0.13,0.36,-0.05,0.18,0.13,0.36
1980,12,29570,1980.9563,-99.99,-99.99,0.05,0.19,0.05,0.19
1981,1,29601,1981.0411,0.06,0.08,0.19,0.2,0.06,0.08
1981,2,29632,1981.126,-99.99,-99.99,0.28,0.21,0.28,0.21
1981,3,29660,1981.2027,-99.99,-99.99,0.3,0.22,0.3,0.22
1981,4,29691,1981.2877,0.14,0.07,0.29,0.23,0.14,0.07
1981,5,29721,1981.3699,0.13,0.05,0.33,0.25,0.13,0.05
1981,6,29752,1981.4548,0.24,0.1,0.39,0.26,0.24,0.1
1981,7,29782,1981.537,-99.99,-99.99,0.43,0.27,0.43,0.27
1981,8,29813,1981.6219,0.42,0.33,0.37,0.28,0.42,0.33
1981,9,29844,1981.7068,0.24,0.3,0.23,0.3,0.24,0.3
1981,10,29874,1981.789,0.42,0.61,0.11,0.31,0.42,0.61
1981,11,29905,1981.874,0.3,0.53,0.1,0.32,0.3,0.53
1981,12,29935,1981.9562,0.04,0.18,0.19,0.33,0.04,0.18
1982,1,29966,1982.0411,0.33,0.35,0.33,0.35,0.33,0.35
1982,2,29997,1982.126,0.36,0.29,0.42,0.36,0.36,0.29
1982,3,30025,1982.2027,-99.99,-99.99,0.45,0.37,0.45,0.37
1982,4,30056,1982.2877,0.46,0.4,0.45,0.39,0.46,0.4
1982,5,30086,1982.3699,0.33,0.25,0.48,0.4,0.33,0.25
1982,6,30117,1982.4548,0.39,0.25,0.55,0.41,0.39,0.25
1982,7,30147,1982.537,0.56,0.4,0.58,0.42,0.56,0.4
1982,8,30178,1982.6219,0.64,0.55,0.52,0.44,0.64,0.55
1982,9,30209,1982.7068,0.54,0.6,0.38,0.45,0.54,0.6
1982,10,30239,1982.789,0.32,0.52,0.26,0.46,0.32,0.52
1982,11,30270,1982.874,0.23,0.46,0.24,0.46,0.23,0.46
1982,12,30300,1982.9562,0.28,0.42,0.33,0.47,0.28,0.42
1983,1,30331,1983.0411,0.58,0.6,0.46,0.48,0.58,0.6
1983,2,30362,1983.126,0.59,0.53,0.55,0.48,0.59,0.53
1983,3,30390,1983.2027,0.45,0.38,0.56,0.49,0.45,0.38
1983,4,30421,1983.2877,0.68,0.61,0.55,0.49,0.68,0.61
1983,5,30451,1983.3699,0.46,0.38,0.57,0.49,0.46,0.38
1983,6,30482,1983.4548,0.58,0.45,0.62,0.49,0.58,0.45
1983,7,30512,1983.537,0.7,0.55,0.65,0.49,0.7,0.55
1983,8,30543,1983.6219,0.66,0.58,0.58,0.49,0.66,0.58
1983,9,30574,1983.7068,0.53,0.59,0.42,0.49,0.53,0.59
1983,10,30604,1983.789,0.3,0.5,0.29,0.48,0.3,0.5
1983,11,30635,1983.874,0.27,0.5,0.25,0.48,0.27,0.5
1983,12,30665,1983.9562,0.32,0.47,0.33,0.48,0.32,0.47
1984,1,30696,1984.041,0.35,0.37,0.45,0.47,0.35,0.37
1984,2,30727,1984.1257,0.32,0.26,0.53,0.46,0.32,0.26
1984,3,30756,1984.2049,-99.99,-99.99,0.53,0.46,0.53,0.46
1984,4,30787,1984.2896,0.5,0.44,0.51,0.45,0.5,0.44
1984,5,30817,1984.3716,0.61,0.53,0.53,0.45,0.61,0.53
1984,6,30848,1984.4563,0.5,0.36,0.58,0.44,0.5,0.36
1984,7,30878,1984.5383,0.38,0.23,0.59,0.44,0.38,0.23
1984,8,30909,1984.623,0.47,0.39,0.52,0.43,0.47,0.39
1984,9,30940,1984.7077,0.31,0.37,0.36,0.43,0.31,0.37
1984,10,30970,1984.7896,0.25,0.44,0.23,0.42,0.25,0.44
1984,11,31001,1984.8743,0.15,0.38,0.19,0.42,0.15,0.38
1984,12,31031,1984.9563,0.35,0.5,0.27,0.41,0.35,0.5
1985,1,31062,1985.0411,0.49,0.51,0.39,0.4,0.49,0.51
1985,2,31093,1985.126,0.62,0.56,0.46,0.4,0.62,0.56
1985,3,31121,1985.2027,0.53,0.45,0.46,0.39,0.53,0.45
1985,4,31152,1985.2877,0.42,0.36,0.44,0.38,0.42,0.36
1985,5,31182,1985.3699,0.56,0.49,0.45,0.37,0.56,0.49
1985,6,31213,1985.4548,0.35,0.21,0.49,0.36,0.35,0.21
1985,7,31243,1985.537,0.43,0.28,0.51,0.35,0.43,0.28
1985,8,31274,1985.6219,0.48,0.4,0.43,0.34,0.48,0.4
1985,9,31305,1985.7068,0.32,0.38,0.27,0.34,0.32,0.38
1985,10,31335,1985.789,-0.03,0.16,0.13,0.33,-0.03,0.16
1985,11,31366,1985.874,0.13,0.36,0.1,0.32,0.13,0.36
1985,12,31396,1985.9562,0.11,0.26,0.18,0.32,0.11,0.26
1986,1,31427,1986.0411,0.28,0.3,0.3,0.32,0.28,0.3
1986,2,31458,1986.126,0.35,0.29,0.38,0.32,0.35,0.29
1986,3,31486,1986.2027,0.27,0.2,0.39,0.32,0.27,0.2
1986,4,31517,1986.2877,0.19,0.13,0.38,0.32,0.19,0.13
1986,5,31547,1986.3699,0.35,0.27,0.41,0.33,0.35,0.27
1986,6,31578,1986.4548,0.48,0.35,0.47,0.34,0.48,0.35
1986,7,31608,1986.537,0.43,0.28,0.5,0.34,0.43,0.28
1986,8,31639,1986.6219,0.55,0.47,0.44,0.35,0.55,0.47
1986,9,31670,1986.7068,0.36,0.42,0.3,0.36,0.36,0.42
1986,10,31700,1986.789,0.21,0.4,0.18,0.37,0.21,0.4
1986,11,31731,1986.874,0.18,0.41,0.15,0.38,0.18,0.41
1986,12,31761,1986.9562,0.35,0.5,0.25,0.39,0.35,0.5
1987,1,31792,1987.0411,0.32,0.34,0.38,0.4,0.32,0.34
1987,2,31823,1987.126,0.44,0.38,0.47,0.41,0.44,0.38
1987,3,31851,1987.2027,0.5,0.42,0.49,0.41,0.5,0.42
1987,4,31882,1987.2877,0.43,0.37,0.48,0.42,0.43,0.37
1987,5,31912,1987.3699,0.46,0.39,0.51,0.43,0.46,0.39
1987,6,31943,1987.4548,0.59,0.46,0.57,0.44,0.59,0.46
1987,7,31973,1987.537,0.6,0.45,0.6,0.44,0.6,0.45
1987,8,32004,1987.6219,0.53,0.44,0.53,0.45,0.53,0.44
1987,9,32035,1987.7068,0.56,0.62,0.39,0.45,0.56,0.62
1987,10,32065,1987.789,0.2,0.4,0.26,0.45,0.2,0.4
1987,11,32096,1987.874,0.11,0.34,0.22,0.45,0.11,0.34
1987,12,32126,1987.9562,0.34,0.49,0.31,0.45,0.34,0.49
1988,1,32157,1988.041,0.51,0.53,0.43,0.45,0.51,0.53
1988,2,32188,1988.1257,0.53,0.46,0.51,0.45,0.53,0.46
1988,3,32217,1988.2049,0.57,0.5,0.51,0.44,0.57,0.5
1988,4,32248,1988.2896,0.6,0.54,0.49,0.43,0.6,0.54
1988,5,32278,1988.3716,0.6,0.52,0.51,0.43,0.6,0.52
1988,6,32309,1988.4563,0.43,0.3,0.55,0.42,0.43,0.3
1988,7,32339,1988.5383,0.45,0.3,0.56,0.41,0.45,0.3
1988,8,32370,1988.623,0.49,0.41,0.48,0.4,0.49,0.41
1988,9,32401,1988.7077,0.36,0.42,0.32,0.39,0.36,0.42
1988,10,32431,1988.7896,0.12,0.32,0.18,0.38,0.12,0.32
1988,11,32462,1988.8743,0.19,0.41,0.14,0.37,0.19,0.41
1988,12,32492,1988.9563,0.19,0.34,0.21,0.35,0.19,0.34
1989,1,32523,1989.0411,0.3,0.32,0.33,0.34,0.3,0.32
1989,2,32554,1989.126,0.23,0.16,0.4,0.33,0.23,0.16
1989,3,32582,1989.2027,0.37,0.29,0.4,0.33,0.37,0.29
1989,4,32613,1989.2877,0.4,0.33,0.38,0.32,0.4,0.33
1989,5,32643,1989.3699,0.38,0.3,0.39,0.31,0.38,0.3
1989,6,32674,1989.4548,0.38,0.25,0.44,0.3,0.38,0.25
1989,7,32704,1989.537,0.48,0.32,0.45,0.3,0.48,0.32
1989,8,32735,1989.6219,0.37,0.28,0.38,0.29,0.37,0.28
1989,9,32766,1989.7068,0.17,0.24,0.22,0.29,0.17,0.24
1989,10,32796,1989.789,0.15,0.34,0.09,0.28,0.15,0.34
1989,11,32827,1989.874,0.09,0.31,0.05,0.28,0.09,0.31
1989,12,32857,1989.9562,0.14,0.29,0.13,0.28,0.14,0.29
1990,1,32888,1990.0411,0.36,0.38,0.26,0.28,0.36,0.38
1990,2,32919,1990.126,0.23,0.17,0.34,0.28,0.23,0.17
1990,3,32947,1990.2027,0.32,0.24,0.35,0.28,0.32,0.24
1990,4,32978,1990.2877,0.36,0.3,0.34,0.28,0.36,0.3
1990,5,33008,1990.3699,0.3,0.22,0.36,0.28,0.3,0.22
1990,6,33039,1990.4548,0.38,0.25,0.42,0.28,0.38,0.25
1990,7,33069,1990.537,0.49,0.34,0.44,0.29,0.49,0.34
1990,8,33100,1990.6219,0.44,0.35,0.38,0.29,0.44,0.35
1990,9,33131,1990.7068,0.21,0.28,0.23,0.3,0.21,0.28
1990,10,33161,1990.789,0.16,0.35,0.11,0.3,0.16,0.35
1990,11,33192,1990.874,0.27,0.5,0.08,0.31,0.27,0.5
1990,12,33222,1990.9562,-99.99,-99.99,0.17,0.32,0.17,0.32
1991,1,33253,1991.0411,0.36,0.38,0.31,0.33,0.36,0.38
1991,2,33284,1991.126,0.37,0.31,0.4,0.33,0.37,0.31
1991,3,33312,1991.2027,0.24,0.17,0.42,0.34,0.24,0.17
1991,4,33343,1991.2877,0.33,0.27,0.42,0.36,0.33,0.27
1991,5,33373,1991.3699,0.46,0.38,0.45,0.37,0.46,0.38
1991,6,33404,1991.4548,0.63,0.5,0.52,0.38,0.63,0.5
1991,7,33434,1991.537,0.47,0.32,0.56,0.4,0.47,0.32
1991,8,33465,1991.6219,0.3,0.22,0.5,0.42,0.3,0.22
1991,9,33496,1991.7068,0.65,0.71,0.37,0.43,0.65,0.71
1991,10,33526,1991.789,0.29,0.49,0.25,0.45,0.29,0.49
1991,11,33557,1991.874,0.22,0.44,0.24,0.47,0.22,0.44
1991,12,33587,1991.9562,0.33,0.48,0.34,0.48,0.33,0.48
1992,1,33618,1992.041,0.48,0.5,0.48,0.5,0.48,0.5
1992,2,33649,1992.1257,0.61,0.55,0.58,0.52,0.61,0.55
1992,3,33678,1992.2049,0.63,0.56,0.6,0.53,0.63,0.56
1992,4,33709,1992.2896,0.53,0.47,0.61,0.55,0.53,0.47
1992,5,33739,1992.3716,0.64,0.56,0.64,0.56,0.64,0.56
1992,6,33770,1992.4563,0.66,0.53,0.71,0.57,0.66,0.53
1992,7,33800,1992.5383,0.8,0.64,0.74,0.59,0.8,0.64
1992,8,33831,1992.623,0.72,0.64,0.68,0.6,0.72,0.64
1992,9,33862,1992.7077,0.57,0.63,0.54,0.61,0.57,0.63
1992,10,33892,1992.7896,0.46,0.65,0.42,0.61,0.46,0.65
1992,11,33923,1992.8743,0.37,0.6,0.39,0.62,0.37,0.6
1992,12,33953,1992.9563,0.45,0.6,0.48,0.62,0.45,0.6
1993,1,33984,1993.0411,0.69,0.7,0.61,0.62,0.69,0.7
1993,2,34015,1993.126,0.71,0.64,0.69,0.62,0.71,0.64
1993,3,34043,1993.2027,0.72,0.65,0.69,0.62,0.72,0.65
1993,4,34074,1993.2877,0.84,0.78,0.68,0.62,0.84,0.78
1993,5,34104,1993.3699,0.75,0.67,0.69,0.61,0.75,0.67
1993,6,34135,1993.4548,0.73,0.6,0.73,0.6,0.73,0.6
1993,7,34165,1993.537,0.77,0.61,0.75,0.59,0.77,0.61
1993,8,34196,1993.6219,0.71,0.62,0.67,0.58,0.71,0.62
1993,9,34227,1993.7068,0.4,0.46,0.51,0.57,0.4,0.46
1993,10,34257,1993.789,0.23,0.42,0.36,0.56,0.23,0.42
1993,11,34288,1993.874,0.26,0.49,0.32,0.55,0.26,0.49
1993,12,34318,1993.9562,0.37,0.51,0.39,0.54,0.37,0.51
1994,1,34349,1994.0411,0.44,0.46,0.51,0.52,0.44,0.46
1994,2,34380,1994.126,0.54,0.47,0.58,0.51,0.54,0.47
1994,3,34408,1994.2027,0.61,0.54,0.58,0.51,0.61,0.54
1994,4,34439,1994.2877,0.51,0.45,0.56,0.5,0.51,0.45
1994,5,34469,1994.3699,0.63,0.55,0.57,0.49,0.63,0.55
1994,6,34500,1994.4548,0.59,0.46,0.61,0.48,0.59,0.46
1994,7,34530,1994.537,0.67,0.51,0.63,0.47,0.67,0.51
1994,8,34561,1994.6219,0.65,0.56,0.55,0.47,0.65,0.56
1994,9,34592,1994.7068,0.3,0.36,0.39,0.46,0.3,0.36
1994,10,34622,1994.789,0.09,0.28,0.25,0.45,0.09,0.28
1994,11,34653,1994.874,0.2,0.43,0.22,0.44,0.2,0.43
1994,12,34683,1994.9562,0.15,0.29,0.29,0.44,0.15,0.29
1995,1,34714,1995.0411,0.51,0.53,0.41,0.43,0.51,0.53
1995,2,34745,1995.126,0.6,0.53,0.49,0.42,0.6,0.53
1995,3,34773,1995.2027,0.63,0.56,0.49,0.41,0.63,0.56
1995,4,34804,1995.2877,0.57,0.51,0.46,0.4,0.57,0.51
1995,5,34834,1995.3699,0.56,0.48,0.47,0.39,0.56,0.48
1995,6,34865,1995.4548,0.62,0.48,0.52,0.38,0.62,0.48
1995,7,34895,1995.537,0.47,0.32,0.53,0.37,0.47,0.32
1995,8,34926,1995.6219,0.38,0.29,0.45,0.36,0.38,0.29
1995,9,34957,1995.7068,0.22,0.28,0.29,0.35,0.22,0.28
1995,10,34987,1995.789,0.03,0.22,0.14,0.34,0.03,0.22
1995,11,35018,1995.874,0.18,0.41,0.1,0.33,0.18,0.41
1995,12,35048,1995.9562,0.27,0.42,0.18,0.32,0.27,0.42
1996,1,35079,1996.041,0.34,0.35,0.29,0.31,0.34,0.35
1996,2,35110,1996.1257,0.35,0.29,0.37,0.3,0.35,0.29
1996,3,35139,1996.2049,0.35,0.28,0.37,0.3,0.35,0.28
1996,4,35170,1996.2896,0.44,0.38,0.35,0.29,0.44,0.38
1996,5,35200,1996.3716,0.29,0.21,0.37,0.29,0.29,0.21
1996,6,35231,1996.4563,0.4,0.26,0.42,0.29,0.4,0.26
1996,7,35261,1996.5383,0.37,0.22,0.45,0.29,0.37,0.22
1996,8,35292,1996.623,0.44,0.35,0.38,0.29,0.44,0.35
1996,9,35323,1996.7077,-0.05,0.02,0.23,0.3,-0.05,0.02
1996,10,35353,1996.7896,-99.99,-99.99,0.11,0.3,0.11,0.3
1996,11,35384,1996.8743,0.09,0.31,0.09,0.31,0.09,0.31
1996,12,35414,1996.9563,0.13,0.27,0.18,0.32,0.13,0.27
1997,1,35445,1997.0411,0.31,0.33,0.32,0.33,0.31,0.33
1997,2,35476,1997.126,0.33,0.26,0.41,0.35,0.33,0.26
1997,3,35504,1997.2027,0.38,0.3,0.43,0.36,0.38,0.3
1997,4,35535,1997.2877,0.45,0.39,0.43,0.37,0.45,0.39
1997,5,35565,1997.3699,0.47,0.39,0.47,0.39,0.47,0.39
1997,6,35596,1997.4548,0.6,0.47,0.53,0.4,0.6,0.47
1997,7,35626,1997.537,0.5,0.34,0.57,0.41,0.5,0.34
1997,8,35657,1997.6219,0.56,0.47,0.51,0.42,0.56,0.47
1997,9,35688,1997.7068,0.27,0.33,0.37,0.43,0.27,0.33
1997,10,35718,1997.789,0.3,0.49,0.25,0.44,0.3,0.49
1997,11,35749,1997.874,0.37,0.6,0.22,0.45,0.37,0.6
1997,12,35779,1997.9562,0.39,0.54,0.31,0.45,0.39,0.54
1998,1,35810,1998.0411,0.47,0.49,0.44,0.45,0.47,0.49
1998,2,35841,1998.126,0.56,0.49,0.52,0.45,0.56,0.49
1998,3,35869,1998.2027,0.59,0.52,0.52,0.45,0.59,0.52
1998,4,35900,1998.2877,0.58,0.52,0.51,0.45,0.58,0.52
1998,5,35930,1998.3699,0.58,0.5,0.52,0.44,0.58,0.5
1998,6,35961,1998.4548,0.52,0.39,0.56,0.43,0.52,0.39
1998,7,35991,1998.537,0.58,0.43,0.57,0.42,0.58,0.43
1998,8,36022,1998.6219,0.53,0.45,0.49,0.41,0.53,0.45
1998,9,36053,1998.7068,0.3,0.37,0.33,0.39,0.3,0.37
1998,10,36083,1998.789,0.17,0.36,0.18,0.38,0.17,0.36
1998,11,36114,1998.874,0.09,0.32,0.14,0.37,0.09,0.32
1998,12,36144,1998.9562,0.04,0.18,0.21,0.35,0.04,0.18
1999,1,36175,1999.0411,0.27,0.29,0.33,0.34,0.27,0.29
1999,2,36206,1999.126,0.43,0.37,0.39,0.33,0.43,0.37
1999,3,36234,1999.2027,0.51,0.44,0.39,0.32,0.51,0.44
1999,4,36265,1999.2877,0.42,0.36,0.37,0.31,0.42,0.36
1999,5,36295,1999.3699,0.41,0.33,0.38,0.3,0.41,0.33
1999,6,36326,1999.4548,0.42,0.28,0.42,0.29,0.42,0.28
1999,7,36356,1999.537,0.34,0.19,0.44,0.28,0.34,0.19
1999,8,36387,1999.6219,0.45,0.36,0.36,0.28,0.45,0.36
1999,9,36418,1999.7068,0.16,0.22,0.21,0.27,0.16,0.22
1999,10,36448,1999.789,-0.03,0.17,0.07,0.27,-0.03,0.17
1999,11,36479,1999.874,0.05,0.28,0.04,0.26,0.05,0.28
1999,12,36509,1999.9562,0.15,0.3,0.12,0.26,0.15,0.3
2000,1,36540,2000.041,0.16,0.18,0.24,0.26,0.16,0.18
2000,2,36571,2000.1257,0.33,0.27,0.32,0.26,0.33,0.27
2000,3,36600,2000.2049,0.35,0.28,0.33,0.26,0.35,0.28
2000,4,36631,2000.2896,0.29,0.23,0.32,0.26,0.29,0.23
2000,5,36661,2000.3716,0.33,0.25,0.35,0.27,0.33,0.25
2000,6,36692,2000.4563,0.35,0.22,0.41,0.27,0.35,0.22
2000,7,36722,2000.5383,0.46,0.31,0.43,0.28,0.46,0.31
2000,8,36753,2000.623,0.47,0.39,0.37,0.28,0.47,0.39
2000,9,36784,2000.7077,0.31,0.38,0.22,0.29,0.31,0.38
2000,10,36814,2000.7896,0.07,0.26,0.1,0.3,0.07,0.26
2000,11,36845,2000.8743,0.05,0.28,0.08,0.3,0.05,0.28
2000,12,36875,2000.9563,0.18,0.33,0.17,0.31,0.18,0.33
2001,1,36906,2001.0411,0.18,0.2,0.3,0.32,0.18,0.2
2001,2,36937,2001.126,0.42,0.35,0.39,0.33,0.42,0.35
2001,3,36965,2001.2027,0.34,0.26,0.41,0.34,0.34,0.26
2001,4,36996,2001.2877,0.36,0.3,0.41,0.35,0.36,0.3
2001,5,37026,2001.3699,0.47,0.39,0.44,0.36,0.47,0.39
2001,6,37057,2001.4548,0.47,0.34,0.51,0.38,0.47,0.34
2001,7,37087,2001.537,0.47,0.32,0.54,0.39,0.47,0.32
2001,8,37118,2001.6219,0.59,0.5,0.49,0.4,0.59,0.5
2001,9,37149,2001.7068,0.33,0.39,0.35,0.41,0.33,0.39
2001,10,37179,2001.789,0.26,0.46,0.23,0.43,0.26,0.46
2001,11,37210,2001.874,0.2,0.43,0.21,0.44,0.2,0.43
2001,12,37240,2001.9562,0.24,0.39,0.31,0.45,0.24,0.39
2002,1,37271,2002.0411,0.43,0.45,0.45,0.47,0.43,0.45
2002,2,37302,2002.126,0.48,0.42,0.54,0.48,0.48,0.42
2002,3,37330,2002.2027,0.58,0.51,0.56,0.49,0.58,0.51
2002,4,37361,2002.2877,0.66,0.6,0.56,0.5,0.66,0.6
2002,5,37391,2002.3699,0.53,0.45,0.59,0.51,0.53,0.45
2002,6,37422,2002.4548,0.61,0.48,0.65,0.52,0.61,0.48
2002,7,37452,2002.537,0.68,0.53,0.68,0.52,0.68,0.53
2002,8,37483,2002.6219,0.74,0.65,0.61,0.53,0.74,0.65
2002,9,37514,2002.7068,0.49,0.55,0.47,0.53,0.49,0.55
2002,10,37544,2002.789,0.32,0.51,0.34,0.53,0.32,0.51
2002,11,37575,2002.874,0.44,0.67,0.31,0.53,0.44,0.67
2002,12,37605,2002.9562,0.35,0.5,0.39,0.53,0.35,0.5
2003,1,37636,2003.0411,0.56,0.58,0.51,0.53,0.56,0.58
2003,2,37667,2003.126,0.57,0.5,0.59,0.52,0.57,0.5
2003,3,37695,2003.2027,0.61,0.54,0.59,0.52,0.61,0.54
2003,4,37726,2003.2877,0.66,0.59,0.57,0.51,0.66,0.59
2003,5,37756,2003.3699,0.67,0.59,0.58,0.5,0.67,0.59
2003,6,37787,2003.4548,0.62,0.48,0.63,0.49,0.62,0.48
2003,7,37817,2003.537,0.69,0.53,0.64,0.48,0.69,0.53
2003,8,37848,2003.6219,0.76,0.67,0.56,0.47,0.76,0.67
2003,9,37879,2003.7068,0.27,0.33,0.4,0.46,0.27,0.33
2003,10,37909,2003.789,0.09,0.28,0.26,0.45,0.09,0.28
2003,11,37940,2003.874,0.04,0.27,0.22,0.44,0.04,0.27
2003,12,37970,2003.9562,0.16,0.3,0.29,0.44,0.16,0.3
2004,1,38001,2004.041,0.38,0.4,0.42,0.43,0.38,0.4
2004,2,38032,2004.1257,0.45,0.39,0.49,0.43,0.45,0.39
2004,3,38061,2004.2049,0.39,0.32,0.5,0.43,0.39,0.32
2004,4,38092,2004.2896,0.5,0.44,0.49,0.43,0.5,0.44
2004,5,38122,2004.3716,0.57,0.49,0.51,0.43,0.57,0.49
2004,6,38153,2004.4563,0.5,0.36,0.56,0.43,0.5,0.36
2004,7,38183,2004.5383,0.64,0.49,0.58,0.43,0.64,0.49
2004,8,38214,2004.623,0.61,0.53,0.51,0.43,0.61,0.53
2004,9,38245,2004.7077,0.43,0.49,0.36,0.43,0.43,0.49
2004,10,38275,2004.7896,0.23,0.42,0.23,0.42,0.23,0.42
2004,11,38306,2004.8743,0.3,0.53,0.2,0.42,0.3,0.53
2004,12,38336,2004.9563,0.36,0.5,0.27,0.42,0.36,0.5
2005,1,38367,2005.0411,0.38,0.4,0.4,0.41,0.38,0.4
2005,2,38398,2005.126,0.43,0.36,0.47,0.41,0.43,0.36
2005,3,38426,2005.2027,0.44,0.37,0.48,0.4,0.44,0.37
2005,4,38457,2005.2877,0.51,0.45,0.46,0.4,0.51,0.45
2005,5,38487,2005.3699,0.51,0.43,0.47,0.39,0.51,0.43
2005,6,38518,2005.4548,0.49,0.36,0.51,0.38,0.49,0.36
2005,7,38548,2005.537,0.64,0.48,0.53,0.37,0.64,0.48
2005,8,38579,2005.6219,0.41,0.33,0.45,0.37,0.41,0.33
2005,9,38610,2005.7068,0.17,0.23,0.29,0.36,0.17,0.23
2005,10,38640,2005.789,0.01,0.2,0.15,0.35,0.01,0.2
2005,11,38671,2005.874,0.21,0.43,0.12,0.34,0.21,0.43
2005,12,38701,2005.9562,0.23,0.38,0.19,0.34,0.23,0.38
2006,1,38732,2006.0411,0.32,0.34,0.31,0.33,0.32,0.34
2006,2,38763,2006.126,0.42,0.36,0.39,0.33,0.42,0.36
2006,3,38791,2006.2027,0.41,0.34,0.39,0.32,0.41,0.34
2006,4,38822,2006.2877,0.39,0.33,0.38,0.32,0.39,0.33
2006,5,38852,2006.3699,0.32,0.24,0.39,0.31,0.32,0.24
2006,6,38883,2006.4548,0.33,0.2,0.44,0.31,0.33,0.2
2006,7,38913,2006.537,0.45,0.29,0.47,0.31,0.45,0.29
2006,8,38944,2006.6219,0.41,0.32,0.39,0.31,0.41,0.32
2006,9,38975,2006.7068,0.17,0.24,0.25,0.31,0.17,0.24
2006,10,39005,2006.789,0.09,0.28,0.11,0.31,0.09,0.28
2006,11,39036,2006.874,0.17,0.4,0.08,0.31,0.17,0.4
2006,12,39066,2006.9562,0.18,0.32,0.17,0.31,0.18,0.32
2007,1,39097,2007.0411,0.31,0.33,0.3,0.32,0.31,0.33
2007,2,39128,2007.126,0.27,0.21,0.38,0.32,0.27,0.21
2007,3,39156,2007.2027,0.38,0.31,0.4,0.32,0.38,0.31
2007,4,39187,2007.2877,0.38,0.32,0.39,0.33,0.38,0.32
2007,5,39217,2007.3699,0.45,0.37,0.41,0.33,0.45,0.37
2007,6,39248,2007.4548,0.46,0.32,0.46,0.33,0.46,0.32
2007,7,39278,2007.537,0.55,0.4,0.49,0.33,0.55,0.4
2007,8,39309,2007.6219,0.45,0.36,0.42,0.33,0.45,0.36
2007,9,39340,2007.7068,0.3,0.36,0.27,0.33,0.3,0.36
2007,10,39370,2007.789,0.12,0.31,0.13,0.33,0.12,0.31
2007,11,39401,2007.874,0.12,0.35,0.1,0.33,0.12,0.35
2007,12,39431,2007.9562,0.2,0.35,0.18,0.32,0.2,0.35
2008,1,39462,2008.041,0.3,0.32,0.3,0.32,0.3,0.32
2008,2,39493,2008.1257,0.42,0.36,0.38,0.31,0.42,0.36
2008,3,39522,2008.2049,0.41,0.34,0.38,0.31,0.41,0.34
2008,4,39553,2008.2896,0.41,0.35,0.36,0.3,0.41,0.35
2008,5,39583,2008.3716,0.39,0.31,0.37,0.29,0.39,0.31
2008,6,39614,2008.4563,0.43,0.3,0.42,0.28,0.43,0.3
2008,7,39644,2008.5383,0.44,0.28,0.45,0.29,0.44,0.28
2008,8,39675,2008.623,0.34,0.27,0.34,0.27,0.34,0.27
2008,9,39706,2008.7077,0.31,0.4,0.17,0.26,0.31,0.4
2008,10,39736,2008.7896,-0.07,0.13,0.04,0.24,-0.07,0.13
2008,11,39767,2008.8743,0.09,0.3,0,0.22,0.09,0.3
2008,12,39797,2008.9563,0.11,0.23,0.08,0.2,0.11,0.23
2009,1,39828,2009.0411,0.16,0.16,0.18,0.18,0.16,0.16
2009,2,39859,2009.126,0.26,0.2,0.23,0.17,0.26,0.2
2009,3,39887,2009.2027,0.16,0.1,0.22,0.16,0.16,0.1
2009,4,39918,2009.2877,0.15,0.1,0.21,0.16,0.15,0.1
2009,5,39948,2009.3699,0.21,0.13,0.24,0.17,0.21,0.13
2009,6,39979,2009.4548,0.23,0.09,0.31,0.18,0.23,0.09
2009,7,40009,2009.537,0.21,0.06,0.35,0.2,0.21,0.06
2009,8,40039,2009.6192,0.35,0.27,0.31,0.23,0.35,0.27
2009,9,40070,2009.7041,0.15,0.23,0.19,0.26,0.15,0.23
2009,10,40100,2009.7863,0.2,0.4,0.09,0.29,0.2,0.4
2009,11,40131,2009.8712,0.16,0.38,0.1,0.31,0.16,0.38
2009,12,40161,2009.9534,0.42,0.55,0.2,0.33,0.42,0.55
2010,1,40192,2010.0384,0.34,0.35,0.32,0.33,0.34,0.35
2010,2,40223,2010.1233,0.44,0.38,0.38,0.32,0.44,0.38
2010,3,40251,2010.2,0.3,0.23,0.37,0.31,0.3,0.23
2010,4,40282,2010.2849,0.4,0.35,0.34,0.29,0.4,0.35
2010,5,40312,2010.3671,0.41,0.32,0.35,0.26,0.41,0.32
2010,6,40343,2010.4521,0.39,0.25,0.37,0.23,0.39,0.25
2010,7,40373,2010.5342,0.4,0.24,0.36,0.2,0.4,0.24
2010,8,40404,2010.6192,0.22,0.14,0.24,0.17,0.22,0.14
2010,9,40435,2010.7041,-0.03,0.04,0.06,0.14,-0.03,0.04
2010,10,40465,2010.7863,-0.22,-0.02,-0.08,0.12,-0.22,-0.02
2010,11,40496,2010.8712,-0.21,0.01,-0.11,0.1,-0.21,0.01
2010,12,40526,2010.9534,0.09,0.22,-0.03,0.1,0.09,0.22
2011,1,40557,2011.0384,0.01,0.02,0.09,0.1,0.01,0.02
2011,2,40588,2011.1233,0.16,0.1,0.17,0.11,0.16,0.1
2011,3,40616,2011.2,0.22,0.16,0.18,0.12,0.22,0.16
2011,4,40647,2011.2849,0.27,0.21,0.18,0.13,0.27,0.21
2011,5,40677,2011.3671,0.24,0.16,0.22,0.14,0.24,0.16
2011,6,40708,2011.4521,0.3,0.16,0.29,0.14,0.3,0.16
2011,7,40738,2011.5342,0.18,0.02,0.31,0.15,0.18,0.02
2011,8,40769,2011.6192,0.36,0.28,0.24,0.16,0.36,0.28
2011,9,40800,2011.7041,0.07,0.15,0.1,0.18,0.07,0.15
2011,10,40830,2011.7863,-0.02,0.18,-0.01,0.19,-0.02,0.18
2011,11,40861,2011.8712,0.01,0.23,-0.02,0.2,0.01,0.23
2011,12,40891,2011.9534,0.08,0.21,0.08,0.21,0.08,0.21
2012,1,40922,2012.0383,0.15,0.16,0.21,0.22,0.15,0.16
2012,2,40953,2012.123,0.24,0.18,0.3,0.24,0.24,0.18
2012,3,40982,2012.2022,0.34,0.28,0.32,0.26,0.34,0.28
2012,4,41013,2012.2869,0.33,0.28,0.33,0.28,0.33,0.28
2012,5,41043,2012.3689,0.43,0.34,0.38,0.29,0.43,0.34
2012,6,41074,2012.4536,0.41,0.27,0.45,0.31,0.41,0.27
2012,7,41104,2012.5355,0.45,0.3,0.48,0.32,0.45,0.3
2012,8,41135,2012.6202,0.52,0.45,0.41,0.33,0.52,0.45
2012,9,41166,2012.7049,0.23,0.31,0.26,0.34,0.23,0.31
2012,10,41196,2012.7869,0.12,0.33,0.13,0.34,0.12,0.33
2012,11,41227,2012.8716,0.22,0.44,0.11,0.33,0.22,0.44
2012,12,41257,2012.9536,0.08,0.22,0.19,0.33,0.08,0.22
2013,1,41288,2013.0384,0.26,0.27,0.31,0.32,0.26,0.27
2013,2,41319,2013.1233,0.41,0.35,0.37,0.31,0.41,0.35
2013,3,41347,2013.2,0.41,0.34,0.37,0.31,0.41,0.34
2013,4,41378,2013.2849,0.49,0.44,0.35,0.29,0.49,0.44
2013,5,41408,2013.3671,0.42,0.34,0.37,0.28,0.42,0.34
2013,6,41439,2013.4521,0.39,0.24,0.41,0.27,0.39,0.24
2013,7,41469,2013.5342,0.37,0.21,0.42,0.26,0.37,0.21
2013,8,41500,2013.6192,0.3,0.22,0.33,0.25,0.3,0.22
2013,9,41531,2013.7041,-0.11,-0.03,0.17,0.25,-0.11,-0.03
2013,10,41561,2013.7863,-0.02,0.19,0.04,0.25,-0.02,0.19
2013,11,41592,2013.8712,0.06,0.28,0.03,0.25,0.06,0.28
2013,12,41622,2013.9534,0.2,0.33,0.13,0.26,0.2,0.33
2014,1,41653,2014.0384,0.28,0.29,0.26,0.27,0.28,0.29
2014,2,41684,2014.1233,0.39,0.33,0.34,0.28,0.39,0.33
2014,3,41712,2014.2,0.38,0.31,0.35,0.29,0.38,0.31
2014,4,41743,2014.2849,0.35,0.3,0.35,0.29,0.35,0.3
2014,5,41773,2014.3671,0.41,0.32,0.38,0.3,0.41,0.32
2014,6,41804,2014.4521,0.43,0.28,0.44,0.3,0.43,0.28
2014,7,41834,2014.5342,0.43,0.27,0.46,0.3,0.43,0.27
2014,8,41865,2014.6192,0.36,0.28,0.39,0.31,0.36,0.28
2014,9,41896,2014.7041,0.24,0.31,0.23,0.31,0.24,0.31
2014,10,41926,2014.7863,0.18,0.39,0.11,0.32,0.18,0.39
2014,11,41957,2014.8712,0.03,0.26,0.09,0.32,0.03,0.26
2014,12,41987,2014.9534,0.12,0.26,0.19,0.33,0.12,0.26
2015,1,42018,2015.0384,0.34,0.35,0.33,0.34,0.34,0.35
2015,2,42049,2015.1233,0.45,0.38,0.41,0.35,0.45,0.38
2015,3,42077,2015.2,0.5,0.43,0.42,0.36,0.5,0.43
2015,4,42108,2015.2849,0.41,0.35,0.43,0.37,0.41,0.35
2015,5,42138,2015.3671,0.48,0.39,0.47,0.38,0.48,0.39
2015,6,42169,2015.4521,0.54,0.39,0.55,0.4,0.54,0.39
2015,7,42199,2015.5342,0.48,0.31,0.58,0.41,0.48,0.31
2015,8,42230,2015.6192,0.53,0.45,0.51,0.43,0.53,0.45
2015,9,42261,2015.7041,0.31,0.39,0.37,0.45,0.31,0.39
2015,10,42291,2015.7863,0.3,0.51,0.26,0.47,0.3,0.51
2015,11,42322,2015.8712,0.32,0.55,0.26,0.49,0.32,0.55
2015,12,42352,2015.9534,0.37,0.51,0.37,0.5,0.37,0.51
2016,1,42383,2016.0383,0.62,0.63,0.5,0.51,0.62,0.63
2016,2,42414,2016.123,0.54,0.48,0.58,0.52,0.54,0.48
2016,3,42443,2016.2022,0.57,0.5,0.59,0.52,0.57,0.5
2016,4,42474,2016.2869,0.59,0.53,0.58,0.53,0.59,0.53
2016,5,42504,2016.3689,0.55,0.46,0.62,0.53,0.55,0.46
2016,6,42535,2016.4536,0.65,0.5,0.68,0.53,0.65,0.5
2016,7,42565,2016.5355,0.75,0.59,0.69,0.53,0.75,0.59
2016,8,42596,2016.6202,0.72,0.64,0.6,0.52,0.72,0.64
2016,9,42627,2016.7049,0.35,0.43,0.44,0.52,0.35,0.43
2016,10,42657,2016.7869,0.24,0.45,0.3,0.51,0.24,0.45
2016,11,42688,2016.8716,0.23,0.46,0.28,0.51,0.23,0.46
2016,12,42718,2016.9536,0.43,0.56,0.37,0.51,0.43,0.56
2017,1,42749,2017.0384,0.47,0.48,0.49,0.5,0.47,0.48
2017,2,42780,2017.1233,0.6,0.54,0.56,0.5,0.6,0.54
2017,3,42808,2017.2,0.53,0.47,0.56,0.49,0.53,0.47
2017,4,42839,2017.2849,0.5,0.44,0.54,0.48,0.5,0.44
2017,5,42869,2017.3671,0.66,0.57,0.57,0.48,0.66,0.57
2017,6,42900,2017.4521,0.53,0.38,0.62,0.47,0.53,0.38
2017,7,42930,2017.5342,0.6,0.44,0.63,0.46,0.6,0.44
2017,8,42961,2017.6192,0.67,0.59,0.53,0.45,0.67,0.59
2017,9,42992,2017.7041,0.39,0.47,0.36,0.44,0.39,0.47
2017,10,43022,2017.7863,0.09,0.31,0.22,0.43,0.09,0.31
2017,11,43053,2017.8712,0.18,0.41,0.19,0.42,0.18,0.41
2017,12,43083,2017.9534,0.33,0.47,0.27,0.41,0.33,0.47
2018,1,43114,2018.0384,0.29,0.3,0.4,0.41,0.29,0.3
2018,2,43145,2018.1233,0.4,0.33,0.47,0.41,0.4,0.33
2018,3,43173,2018.2,0.42,0.35,0.48,0.41,0.42,0.35
2018,4,43204,2018.2849,0.51,0.45,0.48,0.42,0.51,0.45
2018,5,43234,2018.3671,0.5,0.42,0.52,0.43,0.5,0.42
2018,6,43265,2018.4521,0.6,0.45,0.59,0.43,0.6,0.45
2018,7,43295,2018.5342,0.59,0.43,0.61,0.44,0.59,0.43
2018,8,43326,2018.6192,0.72,0.64,0.53,0.44,0.72,0.64
2018,9,43357,2018.7041,0.4,0.48,0.36,0.44,0.4,0.48
2018,10,43387,2018.7863,0.22,0.43,0.22,0.43,0.22,0.43
2018,11,43418,2018.8712,0.32,0.55,0.19,0.42,0.32,0.55
2018,12,43448,2018.9534,0.36,0.5,0.27,0.41,0.36,0.5
2019,1,43479,2019.0384,0.13,0.14,0.38,0.39,0.13,0.14
2019,2,43510,2019.1233,0.4,0.34,0.44,0.38,0.4,0.34
2019,3,43538,2019.2,0.47,0.4,0.43,0.36,0.47,0.4
2019,4,43569,2019.2849,0.49,0.44,0.41,0.35,0.49,0.44
2019,5,43599,2019.3671,-99.99,-99.99,0.42,0.33,0.42,0.33
2019,6,43630,2019.4521,-99.99,-99.99,0.47,0.32,0.47,0.32
2019,7,43660,2019.5342,-99.99,-99.99,0.48,0.31,0.48,0.31
2019,8,43691,2019.6192,-99.99,-99.99,0.38,0.29,0.38,0.29
2019,9,43722,2019.7041,-99.99,-99.99,0.2,0.28,0.2,0.28
2019,10,43752,2019.7863,-99.99,-99.99,0.05,0.27,0.05,0.27
2019,11,43783,2019.8712,-99.99,-99.99,0.02,0.25,0.02,0.25
2019,12,43813,2019.9534,-99.99,-99.99,0.1,0.24,0.1,0.24
