1960,1,21930,1960.041,-99.99,-99.99,-99.99,-99.99,-99.99,-99.99
1960,2,21961,1960.1257,-99.99,-99.99,-99.99,-99.99,-99.99,-99.99
1960,3,21990,1960.2049,317.69,316.28,317.76,316.33,317.69,316.28
1960,4,22021,1960.2896,319.06,316.55,318.94,316.41,319.06,316.55
1960,5,22051,1960.3716,-99.99,-99.99,319.45,316.49,319.45,316.49
1960,6,22082,1960.4563,-99.99,-99.99,318.7,316.58,318.7,316.58
1960,7,22112,1960.5383,-99.99,-99.99,317.13,316.66,317.13,316.66
1960,8,22143,1960.623,315.74,317.33,315.12,316.74,315.74,317.33
1960,9,22174,1960.7077,-99.99,-99.99,313.68,316.82,313.68,316.82
1960,10,22204,1960.7896,312.84,315.89,313.87,316.91,312.84,315.89
1960,11,22235,1960.8743,-99.99,-99.99,315.22,316.99,315.22,316.99
1960,12,22265,1960.9563,316.8,317.47,316.43,317.08,316.8,317.47
1961,1,22296,1961.0411,317.4,317.31,317.27,317.17,317.4,317.31
1961,2,22327,1961.126,-99.99,-99.99,317.93,317.26,317.93,317.26
1961,3,22355,1961.2027,318.13,316.74,318.74,317.34,318.13,316.74
1961,4,22386,1961.2877,-99.99,-99.99,319.94,317.43,319.94,317.43
1961,5,22416,1961.3699,-99.99,-99.99,320.49,317.52,320.49,317.52
1961,6,22447,1961.4548,318.82,316.64,319.77,317.61,318.82,316.64
1961,7,22477,1961.537,318.94,318.41,318.2,317.7,318.94,318.41
1961,8,22508,1961.6219,315.49,317.06,316.18,317.79,315.49,317.06
1961,9,22539,1961.7068,315.62,318.76,314.71,317.86,315.62,318.76
1961,10,22569,1961.789,314.91,317.97,314.88,317.93,314.91,317.97
1961,11,22600,1961.874,316.17,317.98,316.2,317.98,316.17,317.98
1961,12,22630,1961.9562,318.15,318.82,317.38,318.03,318.15,318.82
1962,1,22661,1962.0411,317.86,317.77,318.18,318.08,317.86,317.77
1962,2,22692,1962.126,318.35,317.68,318.79,318.11,318.35,317.68
1962,3,22720,1962.2027,320.02,318.63,319.55,318.14,320.02,318.63
1962,4,22751,1962.2877,320.29,317.79,320.69,318.17,320.29,317.79
1962,5,22781,1962.3699,321.53,318.55,321.19,318.2,321.53,318.55
1962,6,22812,1962.4548,320.06,317.87,320.4,318.24,320.06,317.87
1962,7,22842,1962.537,318.01,317.48,318.77,318.27,318.01,317.48
1962,8,22873,1962.6219,317.12,318.7,316.71,318.32,317.12,318.7
1962,9,22904,1962.7068,315.36,318.51,315.21,318.37,315.36,318.51
1962,10,22934,1962.789,314.66,317.73,315.36,318.42,314.66,317.73
1962,11,22965,1962.874,316.95,318.76,316.69,318.48,316.95,318.76
1962,12,22995,1962.9562,-99.99,-99.99,317.88,318.53,317.88,318.53
1963,1,23026,1963.0411,-99.99,-99.99,318.7,318.6,318.7,318.6
1963,2,23057,1963.126,-99.99,-99.99,319.34,318.66,319.34,318.66
1963,3,23085,1963.2027,-99.99,-99.99,320.13,318.71,320.13,318.71
1963,4,23116,1963.2877,-99.99,-99.99,321.3,318.78,321.3,318.78
1963,5,23146,1963.3699,-99.99,-99.99,321.83,318.83,321.83,318.83
1963,6,23177,1963.4548,-99.99,-99.99,321.06,318.89,321.06,318.89
1963,7,23207,1963.537,-99.99,-99.99,319.45,318.95,319.45,318.95
1963,8,23238,1963.6219,-99.99,-99.99,317.39,319,317.39,319
1963,9,23269,1963.7068,316.42,319.58,315.88,319.06,316.42,319.58
1963,10,23299,1963.789,-99.99,-99.99,316.04,319.1,316.04,319.1
1963,11,23330,1963.874,-99.99,-99.99,317.35,319.15,317.35,319.15
1963,12,23360,1963.9562,-99.99,-99.99,318.53,319.19,318.53,319.19
1964,1,23391,1964.041,-99.99,-99.99,319.33,319.23,319.33,319.23
1964,2,23422,1964.1257,-99.99,-99.99,319.95,319.27,319.95,319.27
1964,3,23451,1964.2049,-99.99,-99.99,320.75,319.3,320.75,319.3
1964,4,23482,1964.2896,-99.99,-99.99,321.89,319.34,321.89,319.34
1964,5,23512,1964.3716,-99.99,-99.99,322.37,319.37,322.37,319.37
1964,6,23543,1964.4563,-99.99,-99.99,321.56,319.41,321.56,319.41
1964,7,23573,1964.5383,-99.99,-99.99,319.92,319.45,319.92,319.45
1964,8,23604,1964.623,-99.99,-99.99,317.84,319.48,317.84,319.48
1964,9,23635,1964.7077,-99.99,-99.99,316.33,319.52,316.33,319.52
1964,10,23665,1964.7896,-99.99,-99.99,316.49,319.56,316.49,319.56
1964,11,23696,1964.8743,-99.99,-99.99,317.81,319.6,317.81,319.6
1964,12,23726,1964.9563,319.02,319.7,318.99,319.65,319.02,319.7
1965,1,23757,1965.0411,319.92,319.83,319.8,319.69,319.92,319.83
1965,2,23788,1965.126,-99.99,-99.99,320.43,319.75,320.43,319.75
1965,3,23816,1965.2027,-99.99,-99.99,321.22,319.8,321.22,319.8
1965,4,23847,1965.2877,322.61,320.08,322.4,319.86,322.61,320.08
1965,5,23877,1965.3699,-99.99,-99.99,322.94,319.93,322.94,319.93
1965,6,23908,1965.4548,-99.99,-99.99,322.19,320,322.19,320
1965,7,23938,1965.537,319.27,318.73,320.59,320.08,319.27,318.73
1965,8,23969,1965.6219,-99.99,-99.99,318.55,320.18,318.55,320.18
1965,9,24000,1965.7068,-99.99,-99.99,317.09,320.28,317.09,320.28
1965,10,24030,1965.789,-99.99,-99.99,317.3,320.39,317.3,320.39
1965,11,24061,1965.874,-99.99,-99.99,318.7,320.5,318.7,320.5
1965,12,24091,1965.9562,-99.99,-99.99,319.95,320.62,319.95,320.62
1966,1,24122,1966.0411,320.5,320.41,320.84,320.74,320.5,320.41
1966,2,24153,1966.126,321.89,321.21,321.56,320.87,321.89,321.21
1966,3,24181,1966.2027,-99.99,-99.99,322.41,320.98,322.41,320.98
1966,4,24212,1966.2877,324.42,321.89,323.65,321.1,324.42,321.89
1966,5,24242,1966.3699,-99.99,-99.99,324.23,321.21,324.23,321.21
1966,6,24273,1966.4548,-99.99,-99.99,323.52,321.33,323.52,321.33
1966,7,24303,1966.537,-99.99,-99.99,321.94,321.43,321.94,321.43
1966,8,24334,1966.6219,-99.99,-99.99,319.9,321.53,319.9,321.53
1966,9,24365,1966.7068,-99.99,-99.99,318.43,321.63,318.43,321.63
1966,10,24395,1966.789,319.33,322.44,318.62,321.71,319.33,322.44
1966,11,24426,1966.874,319.76,321.6,319.98,321.8,319.76,321.6
1966,12,24456,1966.9562,321.15,321.83,321.21,321.87,321.15,321.83
1967,1,24487,1967.0411,-99.99,-99.99,322.05,321.95,322.05,321.95
1967,2,24518,1967.126,-99.99,-99.99,322.7,322.01,322.7,322.01
1967,3,24546,1967.2027,-99.99,-99.99,323.5,322.07,323.5,322.07
1967,4,24577,1967.2877,-99.99,-99.99,324.69,322.13,324.69,322.13
1967,5,24607,1967.3699,-99.99,-99.99,325.22,322.19,325.22,322.19
1967,6,24638,1967.4548,324.84,322.62,324.44,322.25,324.84,322.62
1967,7,24668,1967.537,322.76,322.22,322.81,322.3,322.76,322.22
1967,8,24699,1967.6219,-99.99,-99.99,320.72,322.35,320.72,322.35
1967,9,24730,1967.7068,-99.99,-99.99,319.2,322.41,319.2,322.41
1967,10,24760,1967.789,-99.99,-99.99,319.36,322.46,319.36,322.46
1967,11,24791,1967.874,-99.99,-99.99,320.7,322.52,320.7,322.52
1967,12,24821,1967.9562,-99.99,-99.99,321.91,322.58,321.91,322.58
1968,1,24852,1968.041,-99.99,-99.99,322.75,322.65,322.75,322.65
1968,2,24883,1968.1257,-99.99,-99.99,323.41,322.72,323.41,322.72
1968,3,24912,1968.2049,323.28,321.84,324.25,322.79,323.28,321.84
1968,4,24943,1968.2896,-99.99,-99.99,325.46,322.88,325.46,322.88
1968,5,24973,1968.3716,326.23,323.19,326,322.97,326.23,323.19
1968,6,25004,1968.4563,-99.99,-99.99,325.25,323.07,325.25,323.07
1968,7,25034,1968.5383,323.6,323.09,323.65,323.17,323.6,323.09
1968,8,25065,1968.623,322.58,324.22,321.61,323.28,322.58,324.22
1968,9,25096,1968.7077,-99.99,-99.99,320.17,323.4,320.17,323.4
1968,10,25126,1968.7896,319.38,322.5,320.41,323.51,319.38,322.5
1968,11,25157,1968.8743,320.98,322.82,321.82,323.64,320.98,322.82
1968,12,25187,1968.9563,323.06,323.75,323.1,323.77,323.06,323.75
1969,1,25218,1969.0411,324.28,324.19,324.01,323.91,324.28,324.19
1969,2,25249,1969.126,324.15,323.47,324.75,324.05,324.15,323.47
1969,3,25277,1969.2027,-99.99,-99.99,325.62,324.18,325.62,324.18
1969,4,25308,1969.2877,326.55,323.99,326.89,324.32,326.55,323.99
1969,5,25338,1969.3699,328.14,325.09,327.5,324.45,328.14,325.09
1969,6,25369,1969.4548,326.73,324.49,326.79,324.57,326.73,324.49
1969,7,25399,1969.537,-99.99,-99.99,325.2,324.69,325.2,324.69
1969,8,25430,1969.6219,323.73,325.34,323.15,324.79,323.73,325.34
1969,9,25461,1969.7068,322.29,325.51,321.66,324.89,322.29,325.51
1969,10,25491,1969.789,321,324.14,321.85,324.98,321,324.14
1969,11,25522,1969.874,323.36,325.22,323.23,325.06,323.36,325.22
1969,12,25552,1969.9562,323.52,324.21,324.46,325.13,323.52,324.21
1970,1,25583,1970.0411,325.24,325.15,325.3,325.2,325.24,325.15
1970,2,25614,1970.126,-99.99,-99.99,325.96,325.26,325.96,325.26
1970,3,25642,1970.2027,326.79,325.36,326.76,325.32,326.79,325.36
1970,4,25673,1970.2877,328.23,325.67,327.95,325.37,328.23,325.67
1970,5,25703,1970.3699,328.33,325.27,328.48,325.42,328.33,325.27
1970,6,25734,1970.4548,-99.99,-99.99,327.68,325.47,327.68,325.47
1970,7,25764,1970.537,325.98,325.43,326.02,325.51,325.98,325.43
1970,8,25795,1970.6219,323.39,325,323.9,325.55,323.39,325
1970,9,25826,1970.7068,323.74,326.97,322.34,325.59,323.74,326.97
1970,10,25856,1970.789,323.09,326.24,322.48,325.62,323.09,326.24
1970,11,25887,1970.874,324.29,326.15,323.81,325.65,324.29,326.15
1970,12,25917,1970.9562,-99.99,-99.99,325,325.68,325,325.68
1971,1,25948,1971.0411,326.06,325.97,325.81,325.71,326.06,325.97
1971,2,25979,1971.126,326.88,326.19,326.44,325.74,326.88,326.19
1971,3,26007,1971.2027,327.01,325.58,327.23,325.78,327.01,325.58
1971,4,26038,1971.2877,327.17,324.6,328.42,325.84,327.17,324.6
1971,5,26068,1971.3699,328.54,325.47,328.98,325.91,328.54,325.47
1971,6,26099,1971.4548,326.54,324.3,328.23,326,326.54,324.3
1971,7,26129,1971.537,326.89,326.34,326.62,326.11,326.89,326.34
1971,8,26160,1971.6219,325.63,327.25,324.57,326.22,325.63,327.25
1971,9,26191,1971.7068,323.52,326.76,323.1,326.35,323.52,326.76
1971,10,26221,1971.789,-99.99,-99.99,323.33,326.48,323.33,326.48
1971,11,26252,1971.874,-99.99,-99.99,324.77,326.61,324.77,326.61
1971,12,26282,1971.9562,325.99,326.68,326.07,326.75,325.99,326.68
1972,1,26313,1972.041,326.76,326.67,327,326.9,326.76,326.67
1972,2,26344,1972.1257,328.17,327.48,327.75,327.05,328.17,327.48
1972,3,26373,1972.2049,328.54,327.07,328.67,327.19,328.54,327.07
1972,4,26404,1972.2896,329.87,327.27,329.97,327.35,329.87,327.27
1972,5,26434,1972.3716,330.48,327.4,330.57,327.5,330.48,327.4
1972,6,26465,1972.4563,329.37,327.14,329.87,327.66,329.37,327.14
1972,7,26495,1972.5383,328.78,328.26,328.3,327.81,328.78,328.26
1972,8,26526,1972.623,326.89,328.54,326.28,327.97,326.89,328.54
1972,9,26557,1972.7077,324.72,327.98,324.86,328.13,324.72,327.98
1972,10,26587,1972.7896,325.13,328.3,325.13,328.28,325.13,328.3
1972,11,26618,1972.8743,326.68,328.55,326.59,328.43,326.68,328.55
1972,12,26648,1972.9563,327.78,328.47,327.9,328.57,327.78,328.47
1973,1,26679,1973.0411,328.66,328.57,328.83,328.72,328.66,328.57
1973,2,26710,1973.126,329.16,328.47,329.57,328.87,329.16,328.47
1973,3,26738,1973.2027,330.11,328.67,330.45,329,330.11,328.67
1973,4,26769,1973.2877,331.33,328.74,331.74,329.13,331.33,328.74
1973,5,26799,1973.3699,332.65,329.56,332.34,329.26,332.65,329.56
1973,6,26830,1973.4548,332.02,329.75,331.61,329.37,332.02,329.75
1973,7,26860,1973.537,330.4,329.85,329.99,329.47,330.4,329.85
1973,8,26891,1973.6219,329,330.63,327.89,329.55,329,330.63
1973,9,26922,1973.7068,-99.99,-99.99,326.35,329.62,326.35,329.62
1973,10,26952,1973.789,327.21,330.39,326.51,329.67,327.21,330.39
1973,11,26983,1973.874,328.43,330.3,327.86,329.72,328.43,330.3
1973,12,27013,1973.9562,329.2,329.9,329.07,329.75,329.2,329.9
1974,1,27044,1974.0411,329.94,329.85,329.88,329.78,329.94,329.85
1974,2,27075,1974.126,329.49,328.8,330.51,329.81,329.49,328.8
1974,3,27103,1974.2027,329.8,328.36,331.31,329.84,329.8,328.36
1974,4,27134,1974.2877,332.45,329.85,332.5,329.89,332.45,329.85
1974,5,27164,1974.3699,332.64,329.55,333.05,329.95,332.64,329.55
1974,6,27195,1974.4548,331.54,329.27,332.27,330.03,331.54,329.27
1974,7,27225,1974.537,331.05,330.5,330.63,330.11,331.05,330.5
1974,8,27256,1974.6219,329.02,330.66,328.52,330.19,329.02,330.66
1974,9,27287,1974.7068,326.75,330.01,327,330.29,326.75,330.01
1974,10,27317,1974.789,327.8,330.99,327.2,330.37,327.8,330.99
1974,11,27348,1974.874,328.82,330.7,328.61,330.47,328.82,330.7
1974,12,27378,1974.9562,330.41,331.11,329.87,330.55,330.41,331.11
1975,1,27409,1975.0411,-99.99,-99.99,330.74,330.64,330.74,330.64
1975,2,27440,1975.126,331.07,330.38,331.44,330.73,331.07,330.38
1975,3,27468,1975.2027,332.1,330.64,332.28,330.81,332.1,330.64
1975,4,27499,1975.2877,333.24,330.64,333.52,330.9,333.24,330.64
1975,5,27529,1975.3699,334.27,331.16,334.09,330.99,334.27,331.16
1975,6,27560,1975.4548,332.51,330.24,333.33,331.08,332.51,330.24
1975,7,27590,1975.537,331.89,331.34,331.69,331.17,331.89,331.34
1975,8,27621,1975.6219,329.97,331.61,329.58,331.26,329.97,331.61
1975,9,27652,1975.7068,329.17,332.45,328.05,331.34,329.17,332.45
1975,10,27682,1975.789,328.34,331.54,328.24,331.42,328.34,331.54
1975,11,27713,1975.874,329,330.89,329.64,331.5,329,330.89
1975,12,27743,1975.9562,330.73,331.43,330.89,331.57,330.73,331.43
1976,1,27774,1976.041,331.21,331.12,331.76,331.65,331.21,331.12
1976,2,27805,1976.1257,332.78,332.08,332.43,331.73,332.78,332.08
1976,3,27834,1976.2049,334.24,332.76,333.3,331.8,334.24,332.76
1976,4,27865,1976.2896,334.7,332.06,334.52,331.87,334.7,332.06
1976,5,27895,1976.3716,334.64,331.52,335.05,331.94,334.64,331.52
1976,6,27926,1976.4563,334.72,332.46,334.26,332.02,334.72,332.46
1976,7,27956,1976.5383,332.38,331.86,332.59,332.1,332.38,331.86
1976,8,27987,1976.623,330.65,332.32,330.48,332.19,330.65,332.32
1976,9,28018,1976.7077,328.78,332.07,328.98,332.29,328.78,332.07
1976,10,28048,1976.7896,328.49,331.69,329.21,332.4,328.49,331.69
1976,11,28079,1976.8743,330.7,332.59,330.66,332.52,330.7,332.59
1976,12,28109,1976.9563,332.17,332.87,331.97,332.66,332.17,332.87
1977,1,28140,1977.0411,333.1,333.01,332.91,332.8,333.1,333.01
1977,2,28171,1977.126,333.07,332.37,333.67,332.96,333.07,332.37
1977,3,28199,1977.2027,334.3,332.84,334.59,333.11,334.3,332.84
1977,4,28230,1977.2877,336.17,333.55,335.92,333.29,336.17,333.55
1977,5,28260,1977.3699,336.71,333.59,336.59,333.47,336.71,333.59
1977,6,28291,1977.4548,336.48,334.19,335.92,333.65,336.48,334.19
1977,7,28321,1977.537,334.95,334.39,334.35,333.83,334.95,334.39
1977,8,28352,1977.6219,331.68,333.33,332.33,334.01,331.68,333.33
1977,9,28383,1977.7068,330.79,334.08,330.89,334.2,330.79,334.08
1977,10,28413,1977.789,330.36,333.58,331.17,334.37,330.36,333.58
1977,11,28444,1977.874,332.56,334.46,332.68,334.55,332.56,334.46
1977,12,28474,1977.9562,334.11,334.81,334.04,334.73,334.11,334.81
1978,1,28505,1978.0411,335.37,335.27,335,334.9,335.37,335.27
1978,2,28536,1978.126,336.12,335.41,335.77,335.06,336.12,335.41
1978,3,28564,1978.2027,337.03,335.56,336.68,335.2,337.03,335.56
1978,4,28595,1978.2877,-99.99,-99.99,337.98,335.34,337.98,335.34
1978,5,28625,1978.3699,-99.99,-99.99,338.6,335.47,338.6,335.47
1978,6,28656,1978.4548,337.76,335.46,337.86,335.59,337.76,335.46
1978,7,28686,1978.537,336.67,336.11,336.23,335.7,336.67,336.11
1978,8,28717,1978.6219,-99.99,-99.99,334.12,335.81,334.12,335.81
1978,9,28748,1978.7068,332.81,336.11,332.6,335.92,332.81,336.11
1978,10,28778,1978.789,-99.99,-99.99,332.8,336.01,332.8,336.01
1978,11,28809,1978.874,334.26,336.16,334.23,336.11,334.26,336.16
1978,12,28839,1978.9562,335.03,335.74,335.52,336.21,335.03,335.74
1979,1,28870,1979.0411,336.4,336.3,336.42,336.32,336.4,336.3
1979,2,28901,1979.126,336.91,336.2,337.14,336.43,336.91,336.2
1979,3,28929,1979.2027,338.4,336.93,338.02,336.53,338.4,336.93
1979,4,28960,1979.2877,338.44,335.81,339.31,336.66,338.44,335.81
1979,5,28990,1979.3699,339.43,336.28,339.93,336.79,339.43,336.28
1979,6,29021,1979.4548,339.02,336.72,339.21,336.93,339.02,336.72
1979,7,29051,1979.537,338.22,337.66,337.6,337.07,338.22,337.66
1979,8,29082,1979.6219,336.23,337.89,335.52,337.22,336.23,337.89
1979,9,29113,1979.7068,333.58,336.9,334.04,337.37,333.58,336.9
1979,10,29143,1979.789,333.9,337.14,334.3,337.52,333.9,337.14
1979,11,29174,1979.874,335.61,337.52,335.79,337.68,335.61,337.52
1979,12,29204,1979.9562,337.21,337.92,337.14,337.84,337.21,337.92
1980,1,29235,1980.041,-99.99,-99.99,338.1,338,338.1,338
1980,2,29266,1980.1257,339.29,338.58,338.87,338.15,339.29,338.58
1980,3,29295,1980.2049,340.3,338.8,339.82,338.3,340.3,338.8
1980,4,29326,1980.2896,340.34,337.68,341.13,338.45,340.34,337.68
1980,5,29356,1980.3716,341.71,338.56,341.74,338.59,341.71,338.56
1980,6,29387,1980.4563,341.01,338.73,341,338.74,341.01,338.73
1980,7,29417,1980.5383,338.53,338,339.37,338.88,338.53,338
1980,8,29448,1980.623,337.56,339.25,337.29,339.02,337.56,339.25
1980,9,29479,1980.7077,335.66,339,335.81,339.15,335.66,339
1980,10,29509,1980.7896,336.26,339.5,336.06,339.28,336.26,339.5
1980,11,29540,1980.8743,337.32,339.23,337.53,339.41,337.32,339.23
1980,12,29570,1980.9563,-99.99,-99.99,338.84,339.53,338.84,339.53
1981,1,29601,1981.0411,339.7,339.61,339.76,339.65,339.7,339.61
1981,2,29632,1981.126,340.54,339.83,340.48,339.76,340.54,339.83
1981,3,29660,1981.2027,341.27,339.8,341.35,339.86,341.27,339.8
1981,4,29691,1981.2877,343.2,340.55,342.62,339.96,343.2,340.55
1981,5,29721,1981.3699,343.16,340,343.21,340.05,343.16,340
1981,6,29752,1981.4548,342.32,340.01,342.43,340.14,342.32,340.01
1981,7,29782,1981.537,-99.99,-99.99,340.75,340.22,340.75,340.22
1981,8,29813,1981.6219,338.62,340.29,338.6,340.31,338.62,340.29
1981,9,29844,1981.7068,336.92,340.26,337.04,340.39,336.92,340.26
1981,10,29874,1981.789,336.95,340.2,337.23,340.47,336.95,340.2
1981,11,29905,1981.874,338.28,340.2,338.66,340.55,338.28,340.2
1981,12,29935,1981.9562,340.05,340.76,339.93,340.63,340.05,340.76
1982,1,29966,1982.0411,340.67,340.57,340.81,340.71,340.67,340.57
1982,2,29997,1982.126,341.62,340.91,341.5,340.77,341.62,340.91
1982,3,30025,1982.2027,343.22,341.74,342.32,340.82,343.22,341.74
1982,4,30056,1982.2877,344.05,341.4,343.54,340.86,344.05,341.4
1982,5,30086,1982.3699,343.62,340.45,344.07,340.9,343.62,340.45
1982,6,30117,1982.4548,342.58,340.26,343.24,340.94,342.58,340.26
1982,7,30147,1982.537,342.24,341.67,341.51,340.98,342.24,341.67
1982,8,30178,1982.6219,339,340.68,339.32,341.03,339,340.68
1982,9,30209,1982.7068,337.64,340.99,337.74,341.1,337.64,340.99
1982,10,30239,1982.789,337.88,341.14,337.94,341.19,337.88,341.14
1982,11,30270,1982.874,339.07,341,339.4,341.3,339.07,341
1982,12,30300,1982.9562,340.31,341.03,340.73,341.43,340.31,341.03
1983,1,30331,1983.0411,341.81,341.71,341.69,341.59,341.81,341.71
1983,2,30362,1983.126,342.4,341.68,342.49,341.76,342.4,341.68
1983,3,30390,1983.2027,342.69,341.2,343.44,341.94,342.69,341.2
1983,4,30421,1983.2877,345.39,342.73,344.82,342.14,345.39,342.73
1983,5,30451,1983.3699,345.96,342.77,345.52,342.34,345.96,342.77
1983,6,30482,1983.4548,345.32,342.99,344.85,342.54,345.32,342.99
1983,7,30512,1983.537,343.14,342.57,343.27,342.73,343.14,342.57
1983,8,30543,1983.6219,341.5,343.18,341.21,342.92,341.5,343.18
1983,9,30574,1983.7068,339.83,343.19,339.74,343.11,339.83,343.19
1983,10,30604,1983.789,340.05,343.32,340.02,343.28,340.05,343.32
1983,11,30635,1983.874,340.89,342.83,341.55,343.46,340.89,342.83
1983,12,30665,1983.9562,343.15,343.87,342.92,343.62,343.15,343.87
1984,1,30696,1984.041,343.98,343.89,343.89,343.78,343.98,343.89
1984,2,30727,1984.1257,344.68,343.96,344.66,343.93,344.68,343.96
1984,3,30756,1984.2049,345.51,343.99,345.6,344.06,345.51,343.99
1984,4,30787,1984.2896,347.33,344.63,346.91,344.19,347.33,344.63
1984,5,30817,1984.3716,347.39,344.2,347.49,344.31,347.39,344.2
1984,6,30848,1984.4563,346.92,344.61,346.71,344.42,346.92,344.61
1984,7,30878,1984.5383,345.15,344.61,345.02,344.52,345.15,344.61
1984,8,30909,1984.623,342.78,344.5,342.87,344.62,342.78,344.5
1984,9,30940,1984.7077,340.83,344.21,341.33,344.72,340.83,344.21
1984,10,30970,1984.7896,341.66,344.94,341.56,344.82,341.66,344.94
1984,11,31001,1984.8743,343.07,345,343.01,344.92,343.07,345
1984,12,31031,1984.9563,343.96,344.68,344.32,345.03,343.96,344.68
1985,1,31062,1985.0411,344.74,344.64,345.25,345.14,344.74,344.64
1985,2,31093,1985.126,345.78,345.06,345.99,345.26,345.78,345.06
1985,3,31121,1985.2027,347.45,345.95,346.88,345.37,347.45,345.95
1985,4,31152,1985.2877,348.01,345.33,348.18,345.48,348.01,345.33
1985,5,31182,1985.3699,348.96,345.76,348.79,345.59,348.96,345.76
1985,6,31213,1985.4548,348.36,346.02,348.02,345.7,348.36,346.02
1985,7,31243,1985.537,346.61,346.04,346.33,345.8,346.61,346.04
1985,8,31274,1985.6219,343.93,345.62,344.16,345.89,343.93,345.62
1985,9,31305,1985.7068,342.89,346.27,342.59,345.98,342.89,346.27
1985,10,31335,1985.789,342.97,346.26,342.79,346.07,342.97,346.26
1985,11,31366,1985.874,344.12,346.06,344.24,346.16,344.12,346.06
1985,12,31396,1985.9562,345.17,345.89,345.55,346.26,345.17,345.89
1986,1,31427,1986.0411,346.21,346.11,346.48,346.37,346.21,346.11
1986,2,31458,1986.126,347.01,346.29,347.22,346.49,347.01,346.29
1986,3,31486,1986.2027,348.09,346.6,348.12,346.6,348.09,346.6
1986,4,31517,1986.2877,349.58,346.9,349.44,346.74,349.58,346.9
1986,5,31547,1986.3699,350.29,347.08,350.07,346.86,350.29,347.08
1986,6,31578,1986.4548,349.47,347.12,349.33,347,349.47,347.12
1986,7,31608,1986.537,347.85,347.28,347.66,347.12,347.85,347.28
1986,8,31639,1986.6219,345.52,347.21,345.52,347.25,345.52,347.21
1986,9,31670,1986.7068,344.51,347.89,343.98,347.38,344.51,347.89
1986,10,31700,1986.789,344.21,347.51,344.21,347.5,344.21,347.51
1986,11,31731,1986.874,345.57,347.52,345.71,347.63,345.57,347.52
1986,12,31761,1986.9562,346.68,347.4,347.07,347.77,346.68,347.4
1987,1,31792,1987.0411,347.68,347.58,348.05,347.94,347.68,347.58
1987,2,31823,1987.126,348.68,347.96,348.85,348.12,348.68,347.96
1987,3,31851,1987.2027,349.62,348.12,349.82,348.3,349.62,348.12
1987,4,31882,1987.2877,351.11,348.41,351.23,348.52,351.11,348.41
1987,5,31912,1987.3699,351.79,348.57,351.96,348.74,351.79,348.57
1987,6,31943,1987.4548,351.64,349.28,351.32,348.98,351.64,349.28
1987,7,31973,1987.537,350.07,349.5,349.76,349.22,350.07,349.5
1987,8,32004,1987.6219,347.4,349.1,347.73,349.46,347.4,349.1
1987,9,32035,1987.7068,346.73,350.12,346.29,349.7,346.73,350.12
1987,10,32065,1987.789,346.72,350.04,346.63,349.93,346.72,350.04
1987,11,32096,1987.874,348.29,350.25,348.22,350.16,348.29,350.25
1987,12,32126,1987.9562,349.41,350.13,349.66,350.37,349.41,350.13
1988,1,32157,1988.041,350.35,350.25,350.7,350.59,350.35,350.25
1988,2,32188,1988.1257,351.77,351.04,351.53,350.8,351.77,351.04
1988,3,32217,1988.2049,352.52,350.98,352.54,350.99,352.52,350.98
1988,4,32248,1988.2896,354.05,351.32,353.93,351.19,354.05,351.32
1988,5,32278,1988.3716,354.39,351.17,354.59,351.37,354.39,351.17
1988,6,32309,1988.4563,353.79,351.45,353.85,351.54,353.79,351.45
1988,7,32339,1988.5383,352.46,351.91,352.2,351.69,352.46,351.91
1988,8,32370,1988.623,350.42,352.15,350.07,351.84,350.42,352.15
1988,9,32401,1988.7077,348.89,352.3,348.54,351.97,348.89,352.3
1988,10,32431,1988.7896,348.98,352.29,348.78,352.08,348.98,352.29
1988,11,32462,1988.8743,349.8,351.76,350.25,352.19,349.8,351.76
1988,12,32492,1988.9563,351.39,352.11,351.57,352.28,351.39,352.11
1989,1,32523,1989.0411,352.48,352.38,352.49,352.38,352.48,352.38
1989,2,32554,1989.126,353.19,352.46,353.22,352.48,353.19,352.46
1989,3,32582,1989.2027,353.63,352.12,354.1,352.57,353.63,352.12
1989,4,32613,1989.2877,355.63,352.92,355.4,352.67,355.63,352.92
1989,5,32643,1989.3699,355.9,352.67,356,352.77,355.9,352.67
1989,6,32674,1989.4548,355.64,353.26,355.21,352.87,355.64,353.26
1989,7,32704,1989.537,354.07,353.49,353.5,352.96,354.07,353.49
1989,8,32735,1989.6219,351.16,352.87,351.3,353.05,351.16,352.87
1989,9,32766,1989.7068,349.35,352.77,349.71,353.14,349.35,352.77
1989,10,32796,1989.789,349.5,352.83,349.93,353.25,349.5,352.83
1989,11,32827,1989.874,351.17,353.13,351.42,353.36,351.17,353.13
1989,12,32857,1989.9562,352.19,352.92,352.77,353.49,352.19,352.92
1990,1,32888,1990.0411,353.71,353.62,353.73,353.62,353.71,353.62
1990,2,32919,1990.126,355.14,354.42,354.5,353.76,355.14,354.42
1990,3,32947,1990.2027,355.67,354.15,355.41,353.88,355.67,354.15
1990,4,32978,1990.2877,356.72,354,356.75,354.01,356.72,354
1990,5,33008,1990.3699,357.6,354.35,357.38,354.13,357.6,354.35
1990,6,33039,1990.4548,356.59,354.21,356.61,354.26,356.59,354.21
1990,7,33069,1990.537,355.28,354.7,354.92,354.37,355.28,354.7
1990,8,33100,1990.6219,352.59,354.3,352.74,354.5,352.59,354.3
1990,9,33131,1990.7068,351.1,354.52,351.18,354.62,351.1,354.52
1990,10,33161,1990.789,351.17,354.51,351.42,354.75,351.17,354.51
1990,11,33192,1990.874,352.8,354.78,352.93,354.88,352.8,354.78
1990,12,33222,1990.9562,354.67,355.41,354.29,355,354.67,355.41
1991,1,33253,1991.0411,354.61,354.52,355.24,355.13,354.61,354.52
1991,2,33284,1991.126,356.03,355.3,355.99,355.25,356.03,355.3
1991,3,33312,1991.2027,357.4,355.88,356.89,355.35,357.4,355.88
1991,4,33343,1991.2877,358.43,355.7,358.2,355.45,358.43,355.7
1991,5,33373,1991.3699,359.14,355.89,358.79,355.54,359.14,355.89
1991,6,33404,1991.4548,358.29,355.9,357.97,355.61,358.29,355.9
1991,7,33434,1991.537,355.54,354.96,356.22,355.67,355.54,354.96
1991,8,33465,1991.6219,354.13,355.85,353.98,355.74,354.13,355.85
1991,9,33496,1991.7068,351.97,355.41,352.35,355.8,351.97,355.41
1991,10,33526,1991.789,352.19,355.54,352.53,355.87,352.19,355.54
1991,11,33557,1991.874,353.87,355.84,353.99,355.94,353.87,355.84
1991,12,33587,1991.9562,355.23,355.96,355.3,356.02,355.23,355.96
1992,1,33618,1992.041,356.43,356.33,356.21,356.1,356.43,356.33
1992,2,33649,1992.1257,356.83,356.1,356.91,356.17,356.83,356.1
1992,3,33678,1992.2049,357.92,356.37,357.81,356.24,357.92,356.37
1992,4,33709,1992.2896,359.16,356.4,359.08,356.3,359.16,356.4
1992,5,33739,1992.3716,359.63,356.37,359.61,356.35,359.63,356.37
1992,6,33770,1992.4563,359.46,357.1,358.74,356.4,359.46,357.1
1992,7,33800,1992.5383,356.46,355.91,356.95,356.44,356.46,355.91
1992,8,33831,1992.623,354.71,356.46,354.68,356.47,354.71,356.46
1992,9,33862,1992.7077,353.51,356.96,353.03,356.5,353.51,356.96
1992,10,33892,1992.7896,353.08,356.44,353.19,356.53,353.08,356.44
1992,11,33923,1992.8743,354.68,356.65,354.61,356.56,354.68,356.65
1992,12,33953,1992.9563,355.79,356.53,355.88,356.59,355.79,356.53
1993,1,33984,1993.0411,356.77,356.67,356.75,356.64,356.77,356.67
1993,2,34015,1993.126,357.01,356.28,357.43,356.69,357.01,356.28
1993,3,34043,1993.2027,358.41,356.88,358.29,356.74,358.41,356.88
1993,4,34074,1993.2877,359.15,356.41,359.58,356.82,359.15,356.41
1993,5,34104,1993.3699,360.62,357.34,360.17,356.9,360.62,357.34
1993,6,34135,1993.4548,359.67,357.27,359.36,356.99,359.67,357.27
1993,7,34165,1993.537,357.42,356.84,357.63,357.08,357.42,356.84
1993,8,34196,1993.6219,355.69,357.42,355.42,357.19,355.69,357.42
1993,9,34227,1993.7068,353.43,356.89,353.83,357.3,353.43,356.89
1993,10,34257,1993.789,353.81,357.18,354.07,357.43,353.81,357.18
1993,11,34288,1993.874,355.52,357.51,355.6,357.57,355.52,357.51
1993,12,34318,1993.9562,356.86,357.6,356.98,357.7,356.86,357.6
1994,1,34349,1994.0411,358.49,358.39,357.96,357.85,358.49,358.39
1994,2,34380,1994.126,359.09,358.35,358.75,358,359.09,358.35
1994,3,34408,1994.2027,359.59,358.06,359.68,358.13,359.59,358.06
1994,4,34439,1994.2877,361.2,358.45,361.05,358.28,361.2,358.45
1994,5,34469,1994.3699,361.64,358.36,361.7,358.42,361.64,358.36
1994,6,34500,1994.4548,361.05,358.64,360.95,358.56,361.05,358.64
1994,7,34530,1994.537,358.93,358.34,359.27,358.71,358.93,358.34
1994,8,34561,1994.6219,357.2,358.94,357.11,358.88,357.2,358.94
1994,9,34592,1994.7068,355.07,358.54,355.58,359.06,355.07,358.54
1994,10,34622,1994.789,355.74,359.12,355.87,359.24,355.74,359.12
1994,11,34653,1994.874,357.29,359.29,357.46,359.43,357.29,359.29
1994,12,34683,1994.9562,359.53,360.27,358.9,359.62,359.53,360.27
1995,1,34714,1995.0411,360.09,359.99,359.93,359.82,360.09,359.99
1995,2,34745,1995.126,360.75,360.01,360.76,360.01,360.75,360.01
1995,3,34773,1995.2027,361.93,360.39,361.73,360.17,361.93,360.39
1995,4,34804,1995.2877,363.07,360.31,363.13,360.35,363.07,360.31
1995,5,34834,1995.3699,363.6,360.31,363.81,360.52,363.6,360.31
1995,6,34865,1995.4548,363.53,361.12,363.07,360.68,363.53,361.12
1995,7,34895,1995.537,361.69,361.11,361.39,360.84,361.69,361.11
1995,8,34926,1995.6219,358.53,360.27,359.22,361,358.53,360.27
1995,9,34957,1995.7068,358.01,361.49,357.66,361.15,358.01,361.49
1995,10,34987,1995.789,357.55,360.94,357.93,361.31,357.55,360.94
1995,11,35018,1995.874,359.35,361.36,359.49,361.47,359.35,361.36
1995,12,35048,1995.9562,360.55,361.29,360.9,361.63,360.55,361.29
1996,1,35079,1996.041,362.15,362.05,361.9,361.79,362.15,362.05
1996,2,35110,1996.1257,362.88,362.14,362.69,361.94,362.88,362.14
1996,3,35139,1996.2049,363.9,362.32,363.67,362.08,363.9,362.32
1996,4,35170,1996.2896,364.63,361.84,365.03,362.22,364.63,361.84
1996,5,35200,1996.3716,365.23,361.93,365.65,362.35,365.23,361.93
1996,6,35231,1996.4563,365.3,362.91,364.84,362.47,365.3,362.91
1996,7,35261,1996.5383,363.82,363.26,363.1,362.58,363.82,363.26
1996,8,35292,1996.623,361.24,363.01,360.86,362.67,361.24,363.01
1996,9,35323,1996.7077,358.86,362.35,359.25,362.75,358.86,362.35
1996,10,35353,1996.7896,359.39,362.78,359.45,362.82,359.39,362.78
1996,11,35384,1996.8743,360.89,362.89,360.92,362.89,360.89,362.89
1996,12,35414,1996.9563,362.09,362.84,362.23,362.96,362.09,362.84
1997,1,35445,1997.0411,363.01,362.92,363.14,363.03,363.01,362.92
1997,2,35476,1997.126,364.21,363.47,363.86,363.1,364.21,363.47
1997,3,35504,1997.2027,364.74,363.19,364.75,363.18,364.74,363.19
1997,4,35535,1997.2877,366.18,363.41,366.07,363.28,366.18,363.41
1997,5,35565,1997.3699,366.65,363.34,366.69,363.38,366.65,363.34
1997,6,35596,1997.4548,365.56,363.13,365.91,363.51,365.56,363.13
1997,7,35626,1997.537,364.02,363.43,364.21,363.65,364.02,363.43
1997,8,35657,1997.6219,362.32,364.07,362.03,363.82,362.32,364.07
1997,9,35688,1997.7068,360.11,363.6,360.5,364.01,360.11,363.6
1997,10,35718,1997.789,360.5,363.91,360.82,364.21,360.5,363.91
1997,11,35749,1997.874,362.46,364.48,362.45,364.44,362.46,364.48
1997,12,35779,1997.9562,363.95,364.69,363.95,364.68,363.95,364.69
1998,1,35810,1998.0411,365,364.89,365.06,364.95,365,364.89
1998,2,35841,1998.126,365.72,364.97,365.99,365.23,365.72,364.97
1998,3,35869,1998.2027,367.03,365.48,367.07,365.5,367.03,365.48
1998,4,35900,1998.2877,368.38,365.59,368.6,365.79,368.38,365.59
1998,5,35930,1998.3699,369.2,365.88,369.41,366.09,369.2,365.88
1998,6,35961,1998.4548,368.81,366.38,368.79,366.38,368.81,366.38
1998,7,35991,1998.537,367.61,367.01,367.21,366.65,367.61,367.01
1998,8,36022,1998.6219,365.31,367.06,365.12,366.91,365.31,367.06
1998,9,36053,1998.7068,364.16,367.67,363.63,367.15,364.16,367.67
1998,10,36083,1998.789,364.03,367.45,363.94,367.34,364.03,367.45
1998,11,36114,1998.874,365.6,367.62,365.53,367.52,365.6,367.62
1998,12,36144,1998.9562,367.47,368.22,366.93,367.66,367.47,368.22
1999,1,36175,1999.0411,367.91,367.81,367.9,367.78,367.91,367.81
1999,2,36206,1999.126,368.36,367.61,368.65,367.89,368.36,367.61
1999,3,36234,1999.2027,369.27,367.72,369.54,367.97,369.27,367.72
1999,4,36265,1999.2877,371.01,368.22,370.87,368.06,371.01,368.22
1999,5,36295,1999.3699,370.82,367.49,371.47,368.14,370.82,367.49
1999,6,36326,1999.4548,370.49,368.05,370.64,368.23,370.49,368.05
1999,7,36356,1999.537,369.32,368.73,368.87,368.31,369.32,368.73
1999,8,36387,1999.6219,366.72,368.48,366.61,368.41,366.72,368.48
1999,9,36418,1999.7068,364.64,368.16,364.98,368.51,364.64,368.16
1999,10,36448,1999.789,365.06,368.49,365.19,368.61,365.06,368.49
1999,11,36479,1999.874,366.64,368.67,366.71,368.71,366.64,368.67
1999,12,36509,1999.9562,368.32,369.07,368.08,368.81,368.32,369.07
2000,1,36540,2000.041,369.61,369.51,369.03,368.92,369.61,369.51
2000,2,36571,2000.1257,369.97,369.23,369.78,369.03,369.97,369.23
2000,3,36600,2000.2049,370.63,369.04,370.74,369.13,370.63,369.04
2000,4,36631,2000.2896,372.03,369.2,372.09,369.25,372.03,369.2
2000,5,36661,2000.3716,371.58,368.24,372.71,369.37,371.58,368.24
2000,6,36692,2000.4563,371.56,369.14,371.92,369.52,371.56,369.14
2000,7,36722,2000.5383,370.05,369.49,370.21,369.68,370.05,369.49
2000,8,36753,2000.623,368.13,369.92,368.03,369.86,368.13,369.92
2000,9,36784,2000.7077,366.94,370.48,366.48,370.03,366.94,370.48
2000,10,36814,2000.7896,367.14,370.57,366.78,370.19,367.14,370.57
2000,11,36845,2000.8743,368.46,370.49,368.35,370.35,368.46,370.49
2000,12,36875,2000.9563,369.85,370.61,369.75,370.48,369.85,370.61
2001,1,36906,2001.0411,370.94,370.83,370.73,370.62,370.94,370.83
2001,2,36937,2001.126,371.49,370.74,371.5,370.74,371.49,370.74
2001,3,36965,2001.2027,372.56,371,372.42,370.84,372.56,371
2001,4,36996,2001.2877,373.35,370.55,373.77,370.94,373.35,370.55
2001,5,37026,2001.3699,374.34,370.99,374.4,371.05,374.34,370.99
2001,6,37057,2001.4548,373.67,371.21,373.58,371.15,373.67,371.21
2001,7,37087,2001.537,371.49,370.89,371.82,371.26,371.49,370.89
2001,8,37118,2001.6219,369.58,371.35,369.56,371.37,369.58,371.35
2001,9,37149,2001.7068,368.04,371.57,367.93,371.48,368.04,371.57
2001,10,37179,2001.789,368.25,371.7,368.16,371.59,368.25,371.7
2001,11,37210,2001.874,369.9,371.94,369.7,371.71,369.9,371.94
2001,12,37240,2001.9562,371.36,372.11,371.09,371.83,371.36,372.11
2002,1,37271,2002.0411,372.01,371.9,372.08,371.97,372.01,371.9
2002,2,37302,2002.126,372.62,371.86,372.88,372.11,372.62,371.86
2002,3,37330,2002.2027,373.88,372.31,373.84,372.26,373.88,372.31
2002,4,37361,2002.2877,374.58,371.77,375.27,372.44,374.58,371.77
2002,5,37391,2002.3699,375.46,372.1,375.99,372.63,375.46,372.1
2002,6,37422,2002.4548,375.81,373.35,375.29,372.86,375.81,373.35
2002,7,37452,2002.537,373.9,373.3,373.65,373.09,373.9,373.3
2002,8,37483,2002.6219,371.3,373.08,371.52,373.33,371.3,373.08
2002,9,37514,2002.7068,369.7,373.24,370.03,373.59,369.7,373.24
2002,10,37544,2002.789,370.41,373.87,370.4,373.85,370.41,373.87
2002,11,37575,2002.874,372.33,374.37,372.09,374.11,372.33,374.37
2002,12,37605,2002.9562,373.87,374.63,373.62,374.36,373.87,374.63
2003,1,37636,2003.0411,374.67,374.56,374.73,374.62,374.67,374.56
2003,2,37667,2003.126,375.57,374.81,375.63,374.86,375.57,374.81
2003,3,37695,2003.2027,376.81,375.24,376.67,375.08,376.81,375.24
2003,4,37726,2003.2877,378.01,375.19,378.14,375.3,378.01,375.19
2003,5,37756,2003.3699,378.82,375.45,378.88,375.51,378.82,375.45
2003,6,37787,2003.4548,378.57,376.11,378.16,375.72,378.57,376.11
2003,7,37817,2003.537,376.08,375.48,376.47,375.9,376.08,375.48
2003,8,37848,2003.6219,374.73,376.51,374.26,376.08,374.73,376.51
2003,9,37879,2003.7068,372.6,376.15,372.67,376.24,372.6,376.15
2003,10,37909,2003.789,372.87,376.33,372.93,376.38,372.87,376.33
2003,11,37940,2003.874,375.02,377.06,374.5,376.52,375.02,377.06
2003,12,37970,2003.9562,375.59,376.35,375.9,376.64,375.59,376.35
2004,1,38001,2004.041,376.41,376.31,376.88,376.77,376.41,376.31
2004,2,38032,2004.1257,377.39,376.63,377.66,376.89,377.39,376.63
2004,3,38061,2004.2049,379.04,377.43,378.63,377,379.04,377.43
2004,4,38092,2004.2896,380.5,377.64,379.99,377.12,380.5,377.64
2004,5,38122,2004.3716,380.43,377.05,380.6,377.23,380.43,377.05
2004,6,38153,2004.4563,379.64,377.19,379.77,377.34,379.64,377.19
2004,7,38183,2004.5383,377.5,376.93,378,377.47,377.5,376.93
2004,8,38214,2004.623,375.69,377.5,375.76,377.61,375.69,377.5
2004,9,38245,2004.7077,374.02,377.59,374.18,377.76,374.02,377.59
2004,10,38275,2004.7896,374.32,377.8,374.47,377.93,374.32,377.8
2004,11,38306,2004.8743,376.09,378.13,376.09,378.11,376.09,378.13
2004,12,38336,2004.9563,377.44,378.2,377.56,378.3,377.44,378.2
2005,1,38367,2005.0411,378.48,378.38,378.62,378.51,378.48,378.38
2005,2,38398,2005.126,379.95,379.19,379.49,378.72,379.95,379.19
2005,3,38426,2005.2027,380.61,379.03,380.52,378.92,380.61,379.03
2005,4,38457,2005.2877,382,379.16,381.99,379.13,382,379.16
2005,5,38487,2005.3699,382.27,378.88,382.73,379.34,382.27,378.88
2005,6,38518,2005.4548,381.96,379.47,382.02,379.56,381.96,379.47
2005,7,38548,2005.537,380.98,380.38,380.33,379.76,380.98,380.38
2005,8,38579,2005.6219,378.43,380.21,378.14,379.97,378.43,380.21
2005,9,38610,2005.7068,376.33,379.91,376.57,380.16,376.33,379.91
2005,10,38640,2005.789,377,380.49,376.87,380.34,377,380.49
2005,11,38671,2005.874,378.18,380.24,378.49,380.53,378.18,380.24
2005,12,38701,2005.9562,379.92,380.68,379.96,380.7,379.92,380.68
2006,1,38732,2006.0411,380.96,380.86,381,380.88,380.96,380.86
2006,2,38763,2006.126,381.99,381.22,381.83,381.06,381.99,381.22
2006,3,38791,2006.2027,382.36,380.78,382.82,381.21,382.36,380.78
2006,4,38822,2006.2877,384.76,381.91,384.24,381.38,384.76,381.91
2006,5,38852,2006.3699,385.36,381.96,384.93,381.53,385.36,381.96
2006,6,38883,2006.4548,383.91,381.43,384.15,381.69,383.91,381.43
2006,7,38913,2006.537,382.35,381.75,382.4,381.83,382.35,381.75
2006,8,38944,2006.6219,380.03,381.82,380.15,381.98,380.03,381.82
2006,9,38975,2006.7068,378.44,382.03,378.53,382.13,378.44,382.03
2006,10,39005,2006.789,379.05,382.55,378.79,382.27,379.05,382.55
2006,11,39036,2006.874,380.09,382.16,380.39,382.43,380.09,382.16
2006,12,39066,2006.9562,381.38,382.15,381.83,382.58,381.38,382.15
2007,1,39097,2007.0411,382.95,382.85,382.85,382.73,382.95,382.85
2007,2,39128,2007.126,384.19,383.43,383.67,382.89,384.19,383.43
2007,3,39156,2007.2027,384.36,382.77,384.65,383.04,384.36,382.77
2007,4,39187,2007.2877,386.47,383.62,386.07,383.2,386.47,383.62
2007,5,39217,2007.3699,386.48,383.07,386.75,383.35,386.48,383.07
2007,6,39248,2007.4548,385.97,383.47,385.98,383.51,385.97,383.47
2007,7,39278,2007.537,384.62,384.01,384.23,383.66,384.62,384.01
2007,8,39309,2007.6219,381.66,383.46,381.98,383.82,381.66,383.46
2007,9,39340,2007.7068,380.24,383.83,380.37,383.98,380.24,383.83
2007,10,39370,2007.789,380.79,384.3,380.65,384.14,380.79,384.3
2007,11,39401,2007.874,382.36,384.43,382.27,384.31,382.36,384.43
2007,12,39431,2007.9562,383.81,384.58,383.72,384.47,383.81,384.58
2008,1,39462,2008.041,385.46,385.36,384.74,384.62,385.46,385.36
2008,2,39493,2008.1257,385.24,384.48,385.55,384.78,385.24,384.48
2008,3,39522,2008.2049,385.84,384.22,386.57,384.92,385.84,384.22
2008,4,39553,2008.2896,387.35,384.46,387.99,385.08,387.35,384.46
2008,5,39583,2008.3716,388.63,385.22,388.65,385.24,388.63,385.22
2008,6,39614,2008.4563,388.12,385.65,387.86,385.41,388.12,385.65
2008,7,39644,2008.5383,386.53,385.95,386.1,385.56,386.53,385.95
2008,8,39675,2008.623,383.77,385.61,383.85,385.72,383.77,385.61
2008,9,39706,2008.7077,382.78,386.39,382.24,385.87,382.78,386.39
2008,10,39736,2008.7896,382.5,385.89,382.63,386.03,382.5,385.89
2008,11,39767,2008.8743,383.98,385.96,384.17,386.14,383.98,385.96
2008,12,39797,2008.9563,385.35,386.11,385.49,386.26,385.35,386.11
2009,1,39828,2009.0411,386.82,386.61,386.58,386.37,386.82,386.61
2009,2,39859,2009.126,387.19,386.38,387.31,386.5,387.19,386.38
2009,3,39887,2009.2027,388.23,386.75,388.09,386.62,388.23,386.75
2009,4,39918,2009.2877,389.36,386.51,389.6,386.75,389.36,386.51
2009,5,39948,2009.3699,390.11,386.58,390.42,386.9,390.11,386.58
2009,6,39979,2009.4548,389.55,387.07,389.54,387.06,389.55,387.07
2009,7,40009,2009.537,387.66,387.14,387.76,387.24,387.66,387.14
2009,8,40039,2009.6192,385.7,387.58,385.55,387.43,385.7,387.58
2009,9,40070,2009.7041,384.26,387.93,383.96,387.64,384.26,387.93
2009,10,40100,2009.7863,384.27,387.71,384.4,387.84,384.27,387.71
2009,11,40131,2009.8712,385.83,387.84,386.05,388.06,385.83,387.84
2009,12,40161,2009.9534,387.25,388.03,387.51,388.29,387.25,388.03
2010,1,40192,2010.0384,387.96,387.71,388.79,388.53,387.96,387.71
2010,2,40223,2010.1233,389.88,389.03,389.63,388.78,389.88,389.03
2010,3,40251,2010.2,390.89,389.46,390.43,389,390.89,389.46
2010,4,40282,2010.2849,392.55,389.72,392.04,389.22,392.55,389.72
2010,5,40312,2010.3671,392.99,389.45,392.96,389.42,392.99,389.45
2010,6,40343,2010.4521,392.3,389.82,392.08,389.6,392.3,389.82
2010,7,40373,2010.5342,390.11,389.58,390.29,389.77,390.11,389.58
2010,8,40404,2010.6192,387.82,389.71,388.04,389.93,387.82,389.71
2010,9,40435,2010.7041,386.22,389.91,386.4,390.09,386.22,389.91
2010,10,40465,2010.7863,387.01,390.47,386.79,390.24,387.01,390.47
2010,11,40496,2010.8712,388.49,390.51,388.36,390.38,388.49,390.51
2010,12,40526,2010.9534,389.58,390.37,389.73,390.52,389.58,390.37
2011,1,40557,2011.0384,391.54,391.28,390.91,390.65,391.54,391.28
2011,2,40588,2011.1233,391.52,390.67,391.63,390.78,391.52,390.67
2011,3,40616,2011.2,392.02,390.58,392.35,390.91,392.02,390.58
2011,4,40647,2011.2849,393.51,390.68,393.89,391.06,393.51,390.68
2011,5,40677,2011.3671,394.57,391.02,394.78,391.22,394.57,391.02
2011,6,40708,2011.4521,393.42,390.93,393.9,391.41,393.42,390.93
2011,7,40738,2011.5342,392.47,391.95,392.12,391.59,392.47,391.95
2011,8,40769,2011.6192,390.1,392,389.89,391.79,390.1,392
2011,9,40800,2011.7041,388.44,392.14,388.27,391.97,388.44,392.14
2011,10,40830,2011.7863,389.05,392.51,388.68,392.14,389.05,392.51
2011,11,40861,2011.8712,390.29,392.32,390.29,392.31,390.29,392.32
2011,12,40891,2011.9534,391.75,392.54,391.68,392.47,391.75,392.54
2012,1,40922,2012.0383,392.96,392.7,392.89,392.63,392.96,392.7
2012,2,40953,2012.123,393.25,392.4,393.65,392.8,393.25,392.4
2012,3,40982,2012.2022,394.18,392.71,394.45,392.98,394.18,392.71
2012,4,41013,2012.2869,396.22,393.34,396.05,393.18,396.22,393.34
2012,5,41043,2012.3689,396.96,393.39,396.94,393.38,396.96,393.39
2012,6,41074,2012.4536,395.95,393.48,396.07,393.61,395.95,393.48
2012,7,41104,2012.5355,394.35,393.85,394.33,393.84,394.35,393.85
2012,8,41135,2012.6202,391.85,393.78,392.16,394.09,391.85,393.78
2012,9,41166,2012.7049,390.99,394.7,390.64,394.36,390.99,394.7
2012,10,41196,2012.7869,390.85,394.32,391.15,394.62,390.85,394.32
2012,11,41227,2012.8716,393.13,395.15,392.86,394.89,393.13,395.15
2012,12,41257,2012.9536,394.43,395.22,394.37,395.15,394.43,395.22
2013,1,41288,2013.0384,395.58,395.32,395.68,395.42,395.58,395.32
2013,2,41319,2013.1233,396.71,395.86,396.53,395.67,396.71,395.86
2013,3,41347,2013.2,397.83,396.38,397.34,395.89,397.83,396.38
2013,4,41378,2013.2849,398.42,395.57,398.98,396.13,398.42,395.57
2013,5,41408,2013.3671,400.1,396.52,399.93,396.35,400.1,396.52
2013,6,41439,2013.4521,398.76,396.25,399.08,396.58,398.76,396.25
2013,7,41469,2013.5342,397.64,397.11,397.32,396.79,397.64,397.11
2013,8,41500,2013.6192,394.86,396.77,395.09,397,394.86,396.77
2013,9,41531,2013.7041,393.52,397.24,393.49,397.21,393.52,397.24
2013,10,41561,2013.7863,393.97,397.46,393.92,397.4,393.97,397.46
2013,11,41592,2013.8712,395.59,397.63,395.56,397.6,395.59,397.63
2013,12,41622,2013.9534,397.21,398,396.99,397.78,397.21,398
2014,1,41653,2014.0384,397.97,397.71,398.23,397.97,397.97,397.71
2014,2,41684,2014.1233,398.19,397.33,399.01,398.15,398.19,397.33
2014,3,41712,2014.2,400.07,398.62,399.77,398.32,400.07,398.62
2014,4,41743,2014.2849,401.74,398.88,401.35,398.49,401.74,398.88
2014,5,41773,2014.3671,402.47,398.88,402.24,398.65,402.47,398.88
2014,6,41804,2014.4521,401.78,399.26,401.31,398.79,401.78,399.26
2014,7,41834,2014.5342,399.12,398.59,399.46,398.93,399.12,398.59
2014,8,41865,2014.6192,396.83,398.75,397.15,399.06,396.83,398.75
2014,9,41896,2014.7041,395.53,399.27,395.47,399.21,395.53,399.27
2014,10,41926,2014.7863,395.61,399.11,395.85,399.35,395.61,399.11
2014,11,41957,2014.8712,397.62,399.66,397.46,399.51,397.62,399.66
2014,12,41987,2014.9534,399.16,399.95,398.87,399.66,399.16,399.95
2015,1,42018,2015.0384,400.11,399.85,400.08,399.82,400.11,399.85
2015,2,42049,2015.1233,400.6,399.74,400.85,399.99,400.6,399.74
2015,3,42077,2015.2,401.41,399.95,401.61,400.15,401.41,399.95
2015,4,42108,2015.2849,403.65,400.78,403.2,400.33,403.65,400.78
2015,5,42138,2015.3671,404.11,400.51,404.12,400.51,404.11,400.51
2015,6,42169,2015.4521,403.05,400.52,403.24,400.72,403.05,400.52
2015,7,42199,2015.5342,401.37,400.83,401.47,400.94,401.37,400.83
2015,8,42230,2015.6192,398.83,400.75,399.26,401.18,398.83,400.75
2015,9,42261,2015.7041,397.63,401.38,397.7,401.45,397.63,401.38
2015,10,42291,2015.7863,398.39,401.9,398.22,401.72,398.39,401.9
2015,11,42322,2015.8712,399.99,402.04,399.97,402.02,399.99,402.04
2015,12,42352,2015.9534,401.51,402.31,401.51,402.31,401.51,402.31
2016,1,42383,2016.0383,402.64,402.38,402.87,402.61,402.64,402.38
2016,2,42414,2016.123,404,403.14,403.77,402.91,404,403.14
2016,3,42443,2016.2022,404.7,403.21,404.67,403.18,404.7,403.21
2016,4,42474,2016.2869,406.72,403.81,406.36,403.45,406.72,403.81
2016,5,42504,2016.3689,408.06,404.45,407.3,403.69,408.06,404.45
2016,6,42535,2016.4536,406.3,403.8,406.43,403.93,406.3,403.8
2016,7,42565,2016.5355,404.56,404.06,404.65,404.15,404.56,404.06
2016,8,42596,2016.6202,402.17,404.13,402.41,404.37,402.17,404.13
2016,9,42627,2016.7049,400.3,404.07,400.83,404.6,400.3,404.07
2016,10,42657,2016.7869,401.54,405.05,401.31,404.82,401.54,405.05
2016,11,42688,2016.8716,403.2,405.26,403,405.06,403.2,405.26
2016,12,42718,2016.9536,404.37,405.17,404.48,405.28,404.37,405.17
2017,1,42749,2017.0384,405.83,405.57,405.77,405.51,405.83,405.57
2017,2,42780,2017.1233,406.22,405.35,406.6,405.74,406.22,405.35
2017,3,42808,2017.2,407.37,405.9,407.41,405.94,407.37,405.9
2017,4,42839,2017.2849,409.46,406.57,409.04,406.15,409.46,406.57
2017,5,42869,2017.3671,410.05,406.42,409.97,406.35,410.05,406.42
2017,6,42900,2017.4521,409.3,406.76,409.07,406.53,409.3,406.76
2017,7,42930,2017.5342,406.97,406.43,407.23,406.69,406.97,406.43
2017,8,42961,2017.6192,405.17,407.11,404.91,406.85,405.17,407.11
2017,9,42992,2017.7041,403.14,406.91,403.22,406.99,403.14,406.91
2017,10,43022,2017.7863,403.78,407.31,403.59,407.12,403.78,407.31
2017,11,43053,2017.8712,405.14,407.2,405.19,407.25,405.14,407.2
2017,12,43083,2017.9534,406.55,407.35,406.58,407.38,406.55,407.35
2018,1,43114,2018.0384,407.94,407.68,407.78,407.52,407.94,407.68
2018,2,43145,2018.1233,408.57,407.7,408.53,407.66,408.57,407.7
2018,3,43173,2018.2,409.31,407.84,409.28,407.81,409.31,407.84
2018,4,43204,2018.2849,410.39,407.49,410.89,407.99,410.39,407.49
2018,5,43234,2018.3671,411.49,407.85,411.83,408.19,411.49,407.85
2018,6,43265,2018.4521,410.63,408.08,410.97,408.43,410.63,408.08
2018,7,43295,2018.5342,408.95,408.41,409.21,408.67,408.95,408.41
2018,8,43326,2018.6192,407.23,409.17,407.01,408.95,407.23,409.17
2018,9,43357,2018.7041,405.52,409.31,405.45,409.23,405.52,409.31
2018,10,43387,2018.7863,406.03,409.57,405.96,409.51,406.03,409.57
2018,11,43418,2018.8712,407.84,409.92,407.71,409.79,407.84,409.92
2018,12,43448,2018.9534,409.21,410.02,409.24,410.04,409.21,410.02
2019,1,43479,2019.0384,410.89,410.62,410.56,410.3,410.89,410.62
2019,2,43510,2019.1233,411.88,411,411.41,410.54,411.88,411
2019,3,43538,2019.2,412.07,410.59,412.22,410.74,412.07,410.59
2019,4,43569,2019.2849,413.22,410.31,413.87,410.96,413.22,410.31
2019,5,43599,2019.3671,414.83,411.18,414.82,411.17,414.83,411.18
2019,6,43630,2019.4521,414.22,411.66,413.94,411.39,414.22,411.66
2019,7,43660,2019.5342,411.85,411.31,412.14,411.6,411.85,411.31
2019,8,43691,2019.6192,-99.99,-99.99,409.86,411.81,409.86,411.81
2019,9,43722,2019.7041,-99.99,-99.99,408.23,412.03,408.23,412.03
2019,10,43752,2019.7863,-99.99,-99.99,408.68,412.24,408.68,412.24
2019,11,43783,2019.8712,-99.99,-99.99,410.37,412.45,410.37,412.45
2019,12,43813,2019.9534,-99.99,-99.99,411.86,412.66,411.86,412.66
